id,FirstName,LastName,DateOfBirth,gender,Address1,Address2,City,Postcode,Created
1,Farra,Scown,14/02/2014,Female,56,55805 Rusk Pass,7414 Talisman Point,,06/03/2020
2,Pammie,Blodg,05/05/2010,Female,9,85 Sachs Court,254 Claremont Way,563 01,05/03/2020
3,Barnard,Bingham,25/10/2007,Male,8464,4478 Dryden Trail,48 2nd Street,,06/03/2020
4,Neville,Allcorn,27/12/2018,Male,3111,589 Rieder Court,88065 Bunker Hill Circle,,05/03/2020
5,Yorgos,Earwicker,29/11/1984,Male,43,89395 8th Lane,040 Larry Drive,175260,05/03/2020
6,Kacy,Eisikowitz,29/07/1999,Female,72582,0 Packers Terrace,4 Elgar Trail,,08/03/2020
7,Justinian,Sarre,09/02/2011,Male,2,670 Esch Way,06885 Mitchell Drive,,03/03/2020
8,Mord,Brise,28/10/2002,Male,5001,9 Mariners Cove Hill,30966 Karstens Parkway,,06/03/2020
9,Udall,Evenden,22/01/1987,Male,140,089 Di Loreto Avenue,53627 Michigan Parkway,517 03,05/03/2020
10,Carrol,Nuzzetti,30/07/1992,Male,7,1 Tomscot Junction,56638 Butterfield Road,,03/03/2020
11,June,Pitsall,22/04/1994,Female,9,4 Warbler Terrace,020 Old Shore Terrace,,08/03/2020
12,Dario,Clears,09/11/1987,Male,2,4501 Atwood Court,19 Colorado Place,,03/03/2020
13,Ernaline,Standring,22/11/2016,Female,8982,373 Coleman Alley,5 East Road,,07/03/2020
14,Kirstin,Woosnam,10/10/1999,Female,51499,22 Eastwood Park,39 Delladonna Pass,460999,05/03/2020
15,Conny,Minchella,21/06/1985,Female,46938,504 Hermina Point,73 Vermont Hill,,07/03/2020
16,Mimi,Surphliss,28/05/2011,Female,5489,012 Gale Trail,36998 American Park,,04/03/2020
17,Romeo,Theodore,08/12/2013,Male,43,7809 Burning Wood Road,16273 Annamark Trail,20022,03/03/2020
18,Kelcey,Skowcraft,13/10/1981,Female,661,160 Grayhawk Plaza,78 Southridge Street,48217,05/03/2020
19,Howard,Cale,01/11/2019,Male,91854,13 Sutherland Street,5649 Oakridge Way,45075 CEDEX 2,05/03/2020
20,Violetta,Mangon,09/08/1991,Female,7638,19 Reinke Park,5 Talmadge Lane,783 46,03/03/2020
21,Will,Wales,11/11/2011,Male,0,639 Bobwhite Alley,0352 Hauk Parkway,2610-006,06/03/2020
22,Marja,Schwandt,10/11/2008,Female,3232,6836 Dayton Street,41 Fordem Alley,06-501,07/03/2020
23,Hakeem,Burdus,19/03/2003,Male,19756,39721 Ronald Regan Junction,93257 Shelley Hill,,06/03/2020
24,Gail,O'Collopy,16/02/1985,Male,84788,47 Sutherland Alley,1712 Del Mar Avenue,,06/03/2020
25,Liz,Carlo,18/03/2014,Female,830,8619 Kenwood Place,61361 Hovde Junction,,05/03/2020
26,Jenelle,Gregoli,18/01/2012,Female,4,207 Barby Court,95 Anniversary Hill,,04/03/2020
27,Lauren,Chark,13/03/1997,Female,3,50 Lillian Court,3 Novick Street,462781,06/03/2020
28,Dodi,Menghi,30/06/2018,Female,6,45 Lerdahl Junction,7 Lakewood Street,66-436,08/03/2020
29,Heywood,Mallen,11/10/2015,Male,363,421 Merchant Hill,2122 Vernon Circle,,05/03/2020
30,Berna,Gunn,13/09/1986,Female,522,54 Mccormick Terrace,22760 Cascade Hill,392 47,08/03/2020
31,Ker,Roath,06/10/2005,Male,3,6503 Mccormick Lane,4 Moulton Drive,,04/03/2020
32,Nomi,Filippyev,28/07/1981,Female,11773,11200 Rigney Drive,199 Armistice Pass,,06/03/2020
33,Raul,Boaler,02/03/1985,Male,25,511 Evergreen Street,79454 Muir Terrace,95555-000,04/03/2020
34,Jermayne,Winspurr,19/08/2003,Male,2,5 East Crossing,4152 Sugar Drive,,04/03/2020
35,Mikkel,Leffek,09/07/2006,Male,2724,6594 Green Ridge Pass,58885 Washington Center,701-0301,04/03/2020
36,Osbert,Sydes,28/08/1982,Male,29315,68795 Cardinal Place,1 Mockingbird Point,,04/03/2020
37,Holli,Plott,31/10/2004,Female,1,015 Nancy Place,8 Manley Terrace,196,07/03/2020
38,Claire,Vida,24/10/2012,Female,17084,2192 Homewood Center,053 Emmet Trail,3193,05/03/2020
39,Dominica,Esberger,17/07/2019,Female,4,181 Forest Dale Crossing,942 Granby Hill,9803,06/03/2020
40,Linus,Backwell,19/11/1986,Male,1361,0901 Darwin Pass,48361 Holy Cross Junction,,04/03/2020
41,Josi,Chinnock,19/03/2006,Female,505,2662 Holy Cross Alley,8 Graceland Road,,07/03/2020
42,Sam,Abate,18/06/2003,Female,1,32375 Hazelcrest Alley,470 Basil Drive,18140,03/03/2020
43,De,Mandifield,01/08/1994,Female,109,02024 Mallory Center,522 Kedzie Avenue,366404,08/03/2020
44,Rowena,Lindores,22/04/1990,Female,17,66 Graedel Place,05 Bowman Alley,,03/03/2020
45,Gwen,Reisenberg,10/01/2011,Female,7838,9 Hudson Way,8886 Declaration Plaza,,03/03/2020
46,Nickola,Gillbey,07/06/1981,Male,65,6 Carey Place,2 Derek Trail,,03/03/2020
47,Claybourne,Brockington,11/03/1996,Male,44801,89882 Kropf Lane,5 Merry Point,,08/03/2020
48,Davy,Bangley,13/10/2019,Male,96733,486 Hollow Ridge Plaza,1925 Springview Pass,112 20,05/03/2020
49,Rossie,Murname,15/06/1999,Male,4,4 Manley Street,4982 Green Ridge Park,,08/03/2020
50,Dall,McCaghan,16/08/1990,Male,7015,53578 Village Green Court,4273 Heath Point,69670-000,06/03/2020
51,Wynne,Ivic,22/04/2008,Female,6,3 Bunting Junction,59838 Coleman Junction,,04/03/2020
52,Garv,Wainscoat,16/09/2001,Male,75,40249 Clove Plaza,60518 Jay Point,,03/03/2020
53,Zaria,Durran,27/09/2018,Female,4900,1 Jenifer Point,1 Carey Avenue,,03/03/2020
54,Jackelyn,Gobbet,10/12/2003,Female,77,4377 Oakridge Parkway,57 Chive Road,112 50,05/03/2020
55,Marilin,Chaffen,12/10/2016,Female,63061,90 Mitchell Hill,99167 Shasta Park,,08/03/2020
56,Kelvin,Marre,24/03/1986,Male,785,5 Menomonie Pass,673 Doe Crossing Center,89108-000,08/03/2020
57,Iorgos,Jouaneton,05/11/2002,Male,3,40 Lighthouse Bay Terrace,328 Bluejay Pass,,08/03/2020
58,Caldwell,Wigan,26/04/2002,Male,426,83 Pepper Wood Hill,6 Mccormick Court,,03/03/2020
59,Bianka,Dargue,31/05/1980,Female,49625,0883 Fuller Alley,47377 Heffernan Plaza,,05/03/2020
60,Terese,Gidney,06/05/2000,Female,33,7755 Lillian Plaza,18186 Marcy Pass,,04/03/2020
61,Olly,Shaxby,06/09/1985,Male,888,26 Lien Street,2872 Graedel Center,,03/03/2020
62,Berget,Tatnell,20/10/2007,Female,92,3 Dayton Junction,5 Hazelcrest Center,,06/03/2020
63,Isabeau,Osselton,11/01/1993,Female,8,26 Columbus Trail,5260 Sunfield Lane,,04/03/2020
64,Normie,Comberbach,26/09/2007,Male,806,862 Bunting Drive,71750 Gateway Parkway,94309 CEDEX,08/03/2020
65,Kristy,Rendle,05/03/1986,Female,8781,4782 Jenna Plaza,04635 Ruskin Place,75503,07/03/2020
66,Tait,Youel,22/11/1986,Male,5866,799 Warrior Alley,1691 Golf Parkway,,04/03/2020
67,Toinette,Wudeland,07/09/2017,Female,55,680 Sunfield Alley,51 Vernon Center,,03/03/2020
68,Devin,Tolussi,14/04/1989,Male,973,2 Merchant Trail,1 Valley Edge Terrace,,03/03/2020
69,Janenna,Daunter,25/01/2018,Female,5933,1200 Pond Parkway,949 Judy Crossing,13940-000,07/03/2020
70,Eachelle,Linnitt,14/02/2000,Female,9,30331 Elka Court,29418 Morning Place,253 01,03/03/2020
71,Corney,Sommerled,31/05/2012,Male,4008,0837 Meadow Ridge Road,14917 Kropf Parkway,,05/03/2020
72,Jacinthe,Franz-Schoninger,31/07/1994,Female,927,0 Luster Place,83856 Golf Parkway,20630,03/03/2020
73,Darcey,Almeida,14/05/1983,Female,7,532 Corscot Center,3 Independence Place,,06/03/2020
74,Sarine,Scandrett,28/01/2002,Female,32,42 Little Fleur Crossing,4498 Park Meadow Avenue,,04/03/2020
75,Johnathon,Chitter,29/12/2004,Male,55136,7184 Elgar Junction,793 Springs Place,,05/03/2020
76,Twila,Oldknowe,03/06/1987,Female,163,48654 West Pass,1065 Clyde Gallagher Park,9325-124,05/03/2020
77,Mattie,Webby,18/01/2006,Female,967,493 Beilfuss Park,62927 Reindahl Circle,,04/03/2020
78,Kirstin,Santori,03/10/1992,Female,976,2 Messerschmidt Hill,53 Meadow Ridge Place,,04/03/2020
79,Gisele,Wheelwright,01/04/2000,Female,47,11735 Gina Trail,3 Shasta Trail,27180,03/03/2020
80,Mohammed,Slainey,09/12/2002,Male,1920,36158 Lindbergh Plaza,637 Vernon Pass,A0A,06/03/2020
81,Dew,Doak,05/08/2005,Male,816,2 Almo Park,1228 Del Sol Point,84124,04/03/2020
82,Paulina,Moroney,11/12/2007,Female,9097,08833 Meadow Vale Avenue,19 Helena Park,,05/03/2020
83,Ulrika,Comoletti,05/11/2013,Female,25,5 Nelson Lane,001 Lien Terrace,50730,03/03/2020
84,Dorita,Grinley,25/06/2006,Female,1017,4287 Heffernan Court,894 Manufacturers Point,,03/03/2020
85,Enos,MacBey,27/08/2004,Male,1784,98541 Heath Road,47701 Dennis Junction,,07/03/2020
86,Hilliary,Moxom,20/02/1981,Female,9548,73295 Badeau Crossing,49274 Southridge Circle,6651,05/03/2020
87,Mavis,Penning,25/08/1980,Female,18,9544 Kennedy Hill,20 Kings Street,29160-000,04/03/2020
88,Tiffi,Asmus,11/04/1997,Female,87,14 Pine View Road,20 Calypso Park,,03/03/2020
89,Filbert,Swaysland,30/01/1989,Male,47,998 Elgar Court,9905 Paget Place,,07/03/2020
90,Ezechiel,Stuther,25/10/1984,Male,8,39 Sachtjen Park,90724 Hovde Park,,06/03/2020
91,Paulina,De Domenicis,12/02/1985,Female,461,33751 Barnett Parkway,70 Summer Ridge Park,,07/03/2020
92,Iormina,Steuart,27/04/1991,Female,40,7 Leroy Center,50150 Sutteridge Point,88817,07/03/2020
93,Rudolf,Coleson,12/09/1994,Male,23,4 Anhalt Lane,78 Larry Drive,,05/03/2020
94,Ainslee,Vahl,23/07/1987,Female,122,9 Pennsylvania Park,68086 Garrison Crossing,,03/03/2020
95,Irene,Woolstenholmes,12/06/2006,Female,3,36 Burrows Drive,2 Di Loreto Pass,,03/03/2020
96,Fernanda,Klosges,30/08/2001,Female,8,01711 Superior Park,5034 Kenwood Road,47800-000,08/03/2020
97,Vite,Eadie,22/06/2013,Male,3,68280 Rockefeller Junction,8675 Roxbury Point,4410,06/03/2020
98,Osbourne,Bruckenthal,16/09/2004,Male,63,02 Ludington Center,6273 Farmco Hill,,08/03/2020
99,Zachariah,Greenland,30/06/1989,Male,933,66947 Park Meadow Pass,56 Rusk Crossing,9430,08/03/2020
100,Mallory,Hoggan,18/01/2005,Female,608,26076 Aberg Junction,1686 Michigan Way,783 91,07/03/2020
101,Camel,Berrane,24/12/2002,Female,88662,7814 Bluestem Way,25 Ronald Regan Way,188370,05/03/2020
102,Allister,Tison,04/06/1980,Male,346,5 Caliangt Junction,68755 Farwell Pass,111721,04/03/2020
103,Julia,Sifflett,07/06/1991,Female,92,5952 Maple Wood Plaza,4785 Golf Course Place,,06/03/2020
104,Randene,Copelli,03/06/1983,Female,815,023 Maple Hill,6 Cottonwood Street,,05/03/2020
105,Dewey,Torra,04/11/2012,Male,6653,3 Green Ridge Junction,76 Kennedy Pass,201018,07/03/2020
106,Lynelle,Sarginson,13/06/2016,Female,89322,54606 Village Green Park,65601 Eggendart Parkway,27576,08/03/2020
107,Johnathan,Hessing,01/05/2018,Male,62869,98678 Stang Plaza,03 Lukken Place,,06/03/2020
108,Duffy,Cowherd,29/03/2008,Male,4,6 Meadow Vale Crossing,129 Esch Trail,75547 CEDEX 11,04/03/2020
109,Gipsy,Featley,24/09/2006,Female,51875,1255 Paget Parkway,2289 Toban Junction,,03/03/2020
110,Ryon,Perassi,23/09/1990,Male,16527,188 Aberg Road,009 Sullivan Park,10160,08/03/2020
111,Aubree,Kobisch,27/08/1985,Female,73382,50 Corben Terrace,85 Ramsey Place,,03/03/2020
112,Christy,Ferriman,24/02/1988,Male,5505,41 Dapin Hill,95 Loftsgordon Lane,,07/03/2020
113,Wadsworth,Gheeorghie,04/02/1986,Male,3365,2 Manitowish Lane,20 Haas Place,5400,03/03/2020
114,Cathryn,Gandey,27/02/1997,Female,44101,2 Fallview Junction,32223 Northview Road,2517,06/03/2020
115,Marnia,Rudgley,09/03/2015,Female,6,7 Rutledge Avenue,512 Esch Park,859-0413,04/03/2020
116,Jordan,Instrell,19/05/2005,Female,521,47205 Kingsford Lane,4546 Oriole Avenue,303036,05/03/2020
117,Evangelia,Colliver,21/07/1996,Female,94,7092 Rockefeller Plaza,67977 Kings Plaza,607614,05/03/2020
118,Emelita,Gonet,12/10/1999,Female,3882,8 Elka Trail,0 Amoth Hill,,08/03/2020
119,Angie,Eddowes,05/10/2004,Male,51,7 Magdeline Drive,557 Brickson Park Terrace,,03/03/2020
120,Vally,Hakonsson,09/08/1988,Female,1903,9 Hudson Terrace,92 Springs Park,,04/03/2020
121,Ario,Beldom,09/05/2008,Male,5,5 Macpherson Hill,08599 Raven Road,,04/03/2020
122,Welbie,Tapper,31/05/1989,Male,814,762 Sullivan Avenue,91 Roth Road,,04/03/2020
123,Luther,McCrisken,18/01/1998,Male,3099,3 Anthes Park,593 Truax Trail,9640,03/03/2020
124,Temp,Tatlow,10/06/1994,Male,8,46 Saint Paul Street,6529 Kedzie Pass,,03/03/2020
125,Werner,Teodorski,29/04/1997,Male,8,1253 Bluestem Road,7 Oak Valley Avenue,,04/03/2020
126,Bree,Heavyside,21/05/2001,Female,10,8176 American Way,392 Comanche Pass,,07/03/2020
127,Forrest,Enrrico,25/09/2009,Male,4,3 Gulseth Trail,50525 Monterey Place,,07/03/2020
128,Gauthier,Carrol,28/02/2015,Male,85207,32873 Barnett Hill,0882 Dottie Center,,06/03/2020
129,Inness,Lockitt,25/03/2017,Male,22062,563 Dwight Point,1162 Talmadge Circle,,07/03/2020
130,Karol,Trunks,03/09/2017,Female,265,00190 Lunder Pass,98072 Coleman Junction,,03/03/2020
131,Grantham,Pavis,03/08/2009,Male,693,1 Division Court,88256 Summer Ridge Junction,249929,03/03/2020
132,Orazio,Creelman,31/08/2012,Male,66425,0 Sunbrook Street,3 Montana Lane,,06/03/2020
133,Lenore,Ollivierre,13/05/2003,Female,94,873 Oakridge Point,0501 Ridgeview Plaza,83722,06/03/2020
134,Tobiah,Pyer,11/11/2000,Male,24,33 Quincy Plaza,882 Union Parkway,,04/03/2020
135,Artemus,Condie,26/08/2014,Male,4632,31 Killdeer Trail,06 Shoshone Point,78067 CEDEX,05/03/2020
136,Annetta,Merryweather,19/08/1985,Female,1,47 Golf Course Point,100 Buena Vista Plaza,,04/03/2020
137,Conney,Elsom,01/09/2016,Male,5,690 7th Pass,6173 Carberry Junction,,08/03/2020
138,Kelly,Civitillo,16/10/1986,Male,5724,187 Waubesa Circle,684 Eastlawn Park,,05/03/2020
139,Erv,Mechell,11/02/2005,Male,5517,4 Jay Street,5462 Lotheville Circle,,08/03/2020
140,Chas,Wellum,24/06/2008,Male,7992,8 Linden Road,1218 Barnett Court,,03/03/2020
141,Foss,Mitcham,28/06/1986,Male,9,4 Columbus Crossing,3 Village Way,,04/03/2020
142,Diego,Guthrum,04/10/1986,Male,1955,63888 Center Hill,752 Norway Maple Alley,366319,03/03/2020
143,Suki,McGriffin,20/11/2019,Female,6,9835 Claremont Hill,149 David Drive,,06/03/2020
144,Estele,Beer,27/07/1984,Female,36,9 Southridge Terrace,68555 Hooker Park,,05/03/2020
145,Munroe,Petyankin,07/04/2013,Male,2,997 School Trail,144 7th Crossing,120 38,07/03/2020
146,Saudra,Siviour,20/05/1987,Female,9,643 Marcy Hill,78 Dexter Way,742 83,04/03/2020
147,Bethena,Pfeuffer,13/11/2009,Female,836,77230 Huxley Parkway,78 Lukken Point,623462,06/03/2020
148,Mariel,Rozanski,24/12/2003,Female,355,04 Twin Pines Place,7108 Sunfield Trail,,06/03/2020
149,Jelene,Larvor,02/07/1984,Female,2,192 Esker Avenue,2 Maple Alley,152257,07/03/2020
150,Caddric,Hodges,22/03/2008,Male,16,5 Victoria Hill,0 Hallows Place,,08/03/2020
151,Manon,Greenhowe,18/04/2019,Female,52336,46 Walton Circle,3 Schmedeman Court,95304 CEDEX,04/03/2020
152,Geoff,Spata,12/10/2004,Male,391,60 Lerdahl Place,22 Novick Road,9021,07/03/2020
153,Kelly,Bindley,19/04/2001,Female,5,7 Scott Place,33429 Bartillon Terrace,993-0073,08/03/2020
154,Tabitha,McGeechan,29/01/1999,Female,68,714 Corscot Plaza,30 Del Sol Alley,281 23,05/03/2020
155,Friedrick,Haskett,24/06/1984,Male,1420,93499 Melvin Lane,2 6th Plaza,,08/03/2020
156,Paddy,Fosserd,01/01/2008,Male,5180,76 Starling Plaza,2773 Raven Hill,4745-380,08/03/2020
157,Alexi,Freiberg,04/01/2012,Female,10,7 Ronald Regan Road,2107 Melrose Way,25190,07/03/2020
158,Max,Gookey,25/11/1993,Female,5198,25226 North Center,93771 Oak Valley Point,,03/03/2020
159,Morena,Grishkov,18/11/1983,Female,576,715 South Hill,98511 Heffernan Place,165,04/03/2020
160,Gerladina,Grimstead,19/08/2016,Female,90591,35334 Kim Place,482 Menomonie Terrace,,03/03/2020
161,Jessi,Girdlestone,27/12/2000,Female,3,4002 Hoard Crossing,36808 Reinke Court,42-134,08/03/2020
162,Jenica,McGillivray,18/05/1995,Female,352,60 Ryan Alley,23116 Sutteridge Terrace,,08/03/2020
163,Maryanne,Millgate,22/03/1986,Female,5797,596 Morning Point,9395 Arizona Park,,05/03/2020
164,Lauren,Shillaber,25/12/2013,Female,2,946 Graedel Hill,29620 Red Cloud Junction,,05/03/2020
165,Christiano,Langmaid,13/04/2002,Male,1,4523 Mallory Point,425 Waywood Park,32-043,03/03/2020
166,Vikky,Corless,28/08/1995,Female,169,2408 Eggendart Terrace,9703 Hallows Park,,08/03/2020
167,Adelaide,Deegin,06/12/1989,Female,2727,633 Havey Place,129 Northport Alley,,04/03/2020
168,Kaleena,Harrie,29/08/2004,Female,77202,50588 Kim Junction,00059 Prentice Circle,,07/03/2020
169,Roman,Pringuer,07/07/1981,Male,4566,9 Dexter Street,58 Killdeer Center,4625-177,04/03/2020
170,Jeno,Dobbyn,16/05/1993,Male,14,567 Birchwood Point,51 Corscot Circle,,06/03/2020
171,Marni,Pipes,17/05/2011,Female,2,987 Cherokee Place,37559 Garrison Way,85950-000,08/03/2020
172,Teddy,Lorain,17/09/1983,Female,82406,677 Division Circle,3087 Shoshone Alley,9670,03/03/2020
173,Ruthe,Aldrich,02/04/1984,Female,8,9760 Merry Point,0 Pawling Way,96400-000,06/03/2020
174,Maddie,Harradine,28/12/2018,Female,45,422 Rieder Junction,18 Hallows Avenue,3513,05/03/2020
175,Ricoriki,Brambill,04/01/2018,Male,3,0858 Katie Crossing,639 Randy Court,5140-058,07/03/2020
176,Darda,Angove,31/03/1981,Female,9,85168 Mcguire Crossing,269 Havey Parkway,506 46,03/03/2020
177,Tami,Matyatin,30/07/2011,Female,26774,099 Buell Parkway,5 Walton Parkway,,06/03/2020
178,Donni,Benedit,01/09/2009,Female,2,782 Debs Crossing,779 Montana Street,,03/03/2020
179,Gifford,Elgey,28/02/2015,Male,634,11034 Sullivan Alley,5 Express Drive,,07/03/2020
180,Rozella,Thomasson,17/06/1995,Female,61,67 Fuller Road,7093 Loftsgordon Drive,,04/03/2020
181,Greer,Dawkes,19/04/2011,Female,26,83 Green Ridge Junction,4771 New Castle Park,,06/03/2020
182,Davidson,Flacke,31/10/2013,Male,0,356 Clarendon Place,186 Mosinee Point,,07/03/2020
183,Mella,Brandi,21/09/2017,Female,431,3718 Bartelt Road,97 Twin Pines Pass,7020,05/03/2020
184,Gay,Steed,25/04/1995,Male,95,33902 Everett Parkway,2653 Maryland Lane,3200,03/03/2020
185,Orren,Truder,10/02/2019,Male,7458,8462 Buell Crossing,92625 Marquette Alley,,03/03/2020
186,Tucky,Boot,22/07/1991,Male,620,7 Valley Edge Plaza,665 Granby Junction,112 50,07/03/2020
187,Anne-corinne,Marl,14/09/2015,Female,3,07 Elmside Parkway,062 Buena Vista Court,,03/03/2020
188,Heddi,Ferriere,14/10/1994,Female,5473,06979 Donald Plaza,8717 Granby Alley,50000,06/03/2020
189,Ira,Janowicz,09/03/2017,Male,66,963 Morrow Crossing,57343 Del Sol Place,,04/03/2020
190,Luce,Porkiss,12/11/2011,Male,732,34197 Anhalt Park,22 Commercial Pass,5839,06/03/2020
191,Simeon,Auld,07/09/1997,Male,28,56 Nobel Road,574 Anzinger Parkway,,06/03/2020
192,Georgette,Rosenblath,18/06/1992,Female,9000,1 Carberry Circle,420 Russell Junction,4600-741,08/03/2020
193,Robena,Cabble,15/11/2004,Female,74,0628 Roth Court,36 Buell Street,,08/03/2020
194,Miguelita,Cayet,18/06/2009,Female,693,13597 Dixon Place,41713 Nelson Point,29830-000,08/03/2020
195,Dalt,Merring,09/02/1985,Male,566,28 Autumn Leaf Way,3 Warner Plaza,365-0023,04/03/2020
196,Sonnnie,Coverley,30/05/2018,Female,7,514 Summit Parkway,900 Bluestem Drive,431890,08/03/2020
197,Samuele,Wagstaff,10/05/1981,Male,390,7 Little Fleur Circle,1 Linden Avenue,,03/03/2020
198,Stacy,Thurby,26/12/1992,Male,370,0 Sutteridge Hill,33399 Kropf Street,216790,05/03/2020
199,Bernarr,Barette,11/04/1991,Male,444,0 Butterfield Point,9792 Armistice Street,,06/03/2020
200,Tynan,De Filippo,12/10/2010,Male,8317,04902 Kensington Parkway,06 Mandrake Parkway,,04/03/2020
201,Martica,O'Cuddie,05/08/1992,Female,4818,221 Petterle Crossing,0290 Melrose Road,,08/03/2020
202,Wallie,Enticott,21/01/2003,Male,8750,64434 Esch Road,29 Kinsman Parkway,,08/03/2020
203,Griffin,Coule,08/09/1987,Male,9,546 Mallard Terrace,9218 Stuart Point,6149,06/03/2020
204,Floris,Brundrett,02/07/1987,Female,926,81643 Delaware Lane,24447 Forest Road,225,04/03/2020
205,Danita,Knight,30/03/1996,Female,87,424 Mesta Plaza,2 Delladonna Lane,861-1686,05/03/2020
206,Mandie,Joscelin,05/07/2015,Female,68764,32 Ronald Regan Alley,2157 Dunning Circle,5250,08/03/2020
207,Lissa,Gentery,05/03/1989,Female,79,970 Gerald Crossing,85 Bartelt Road,,05/03/2020
208,Sharity,Camble,18/03/1987,Female,5486,6 Canary Court,1 Mallory Junction,69669 CEDEX,08/03/2020
209,Torie,Frift,05/07/1989,Female,450,63 Jenna Way,745 Larry Road,,03/03/2020
210,Cassy,MacFayden,04/07/1997,Female,28556,5466 Butterfield Way,951 Blue Bill Park Point,52223,05/03/2020
211,Siffre,Mccaull,21/11/2004,Male,6,46 Commercial Trail,67 Fordem Place,,06/03/2020
212,Ricoriki,Lissandre,11/08/1991,Male,64982,80787 Del Mar Parkway,58 Eggendart Parkway,,04/03/2020
213,Yalonda,Blacklawe,28/12/2003,Female,93555,90 Delladonna Park,50 Pennsylvania Way,5505,03/03/2020
214,Sabina,Harrema,13/07/1985,Female,2,86 Lighthouse Bay Hill,1 Cardinal Terrace,13444 CEDEX 06,05/03/2020
215,Mellicent,Steadman,09/11/2013,Female,44873,91 Basil Place,94648 Talisman Hill,,06/03/2020
216,Ivan,Curtin,15/01/1999,Male,622,89 Gateway Lane,91 Scofield Terrace,,03/03/2020
217,Maia,Treend,20/10/1997,Female,54056,0 Waubesa Trail,9 Nobel Parkway,,07/03/2020
218,Orin,Lynock,23/09/1997,Male,0,1 Walton Road,154 Morningstar Hill,,08/03/2020
219,Sanford,Kleinsinger,27/08/1984,Male,997,4274 Knutson Street,789 Oak Way,,03/03/2020
220,Karalee,O'Crigane,19/08/1992,Female,431,656 Prairie Rose Junction,880 Shasta Center,,06/03/2020
221,Sammie,Gallard,21/04/1986,Male,88455,21 Transport Pass,91 Red Cloud Junction,,06/03/2020
222,Salim,Duchan,06/05/1995,Male,54,216 Jenifer Center,81 Dovetail Park,,08/03/2020
223,Gualterio,Dines,15/01/2001,Male,4252,1390 Killdeer Lane,437 Stone Corner Park,918,06/03/2020
224,Scotti,Basketfield,15/11/1989,Male,44753,1 Sugar Hill,97270 Lukken Plaza,8611,03/03/2020
225,Antonius,Northway,15/09/1998,Male,559,880 Weeping Birch Center,397 Waxwing Point,1304,05/03/2020
226,Allyn,Roubottom,16/03/2004,Female,78,4 Oneill Lane,04 Harper Circle,,08/03/2020
227,Victoir,Breyt,07/11/1988,Male,3,606 Golden Leaf Park,1 Grayhawk Pass,,07/03/2020
228,Beulah,Wand,12/09/1994,Female,50679,64 Commercial Center,6 1st Court,9504,04/03/2020
229,Isabelle,Clayden,01/02/2013,Female,25998,21064 Spohn Lane,11 Thompson Parkway,,05/03/2020
230,Marsha,Claiton,18/12/1994,Female,90278,37 Bluestem Junction,372 Mifflin Alley,,03/03/2020
231,Felicia,Rudge,16/10/1988,Female,7,1 Mcguire Hill,07 Alpine Junction,1094,08/03/2020
232,Agna,Vannoort,29/05/2017,Female,9,9 Village Park,66499 Coolidge Point,5029,03/03/2020
233,Kirsteni,Leyland,31/10/2011,Female,60,739 Schiller Avenue,884 Northwestern Place,,03/03/2020
234,Shannan,Stainland,26/08/2002,Male,344,769 Victoria Hill,12 Gateway Place,4085,08/03/2020
235,Anatole,Willas,02/03/1995,Male,5,8734 Rowland Crossing,60 Northview Avenue,83-212,06/03/2020
236,Quintus,Cahan,14/12/2017,Male,88,00426 Prairieview Alley,1059 Namekagon Way,,08/03/2020
237,Josiah,Allwell,22/09/1990,Male,850,247 Petterle Crossing,3 Columbus Drive,,04/03/2020
238,Rodina,Westhofer,07/01/2011,Female,440,8892 Mallory Circle,0573 Grim Lane,347502,07/03/2020
239,Tammy,Minogue,10/03/1994,Male,9,102 Dapin Pass,4805 Eastwood Hill,2110,05/03/2020
240,Trudi,Townrow,20/02/2002,Female,2422,96773 Clemons Parkway,4563 Shelley Parkway,8700-156,06/03/2020
241,Claretta,McArte,09/05/2003,Female,96994,99883 Dakota Parkway,9 Lakewood Terrace,,08/03/2020
242,Jordana,Mulvy,19/07/1999,Female,8634,5727 Artisan Center,12092 Chinook Alley,,03/03/2020
243,Karole,Cancelier,23/07/2011,Female,89005,870 Scoville Trail,16537 Schmedeman Place,46160,04/03/2020
244,Corrie,Grute,25/12/1988,Male,12,90596 Karstens Lane,716 Debs Hill,,06/03/2020
245,Ileane,Collinwood,06/08/2011,Female,46118,744 Jay Court,1 Barnett Pass,V7Y,06/03/2020
246,Barrie,Brehat,19/07/2000,Male,33529,01861 Amoth Hill,41 Dorton Trail,63150,03/03/2020
247,Magnum,Clohessy,20/04/2013,Male,4863,7 Hermina Avenue,3 Everett Place,7000,05/03/2020
248,Malcolm,Colquyte,24/01/2006,Male,12892,2 Towne Alley,2457 Thierer Way,,03/03/2020
249,Worthy,Beggi,29/05/2007,Male,4704,10602 Grover Pass,96654 Elmside Drive,,08/03/2020
250,Babette,Linacre,10/12/2010,Female,2,5 Texas Terrace,40 Autumn Leaf Crossing,,04/03/2020
251,Malissa,Stokey,02/10/2003,Female,5,79 Victoria Point,782 Havey Hill,,04/03/2020
252,Nelly,Endean,07/01/1989,Female,3,291 Arkansas Alley,7 Esker Hill,,03/03/2020
253,Lelia,Mostin,18/04/1988,Female,39698,681 Barby Circle,588 Declaration Alley,452320,07/03/2020
254,Jermayne,Elby,03/02/2018,Male,297,79 Armistice Circle,9 Marquette Center,,07/03/2020
255,Alicea,MacAindreis,01/04/2005,Female,4,7 Anzinger Plaza,9561 Crownhardt Crossing,3109,07/03/2020
256,Wake,Balassi,19/08/1999,Male,67,7 Wayridge Crossing,865 Laurel Circle,80-209,03/03/2020
257,Arabella,Sauter,19/02/2000,Female,823,1341 Moulton Court,2628 7th Point,8264,05/03/2020
258,Almire,Tabour,02/05/1992,Female,4,127 Stuart Lane,04 Arizona Parkway,6360,07/03/2020
259,Agace,Gleave,30/10/1983,Female,5,21 Thierer Trail,261 Scofield Alley,264 36,04/03/2020
260,Rosemonde,Grew,18/04/2013,Female,83779,8 Superior Lane,588 Cottonwood Avenue,,03/03/2020
261,Allx,Howcroft,18/01/1983,Female,519,3 Annamark Lane,4 Anhalt Way,,08/03/2020
262,Oby,Crouch,16/02/1991,Male,85585,353 1st Lane,275 Macpherson Alley,83101,06/03/2020
263,Jenni,Maffey,17/02/2016,Female,282,5995 Heffernan Alley,5 Hallows Plaza,,04/03/2020
264,Symon,Squibbs,08/07/2005,Male,5604,8 Doe Crossing Street,4349 Trailsway Terrace,42-575,08/03/2020
265,Risa,Sercombe,05/04/2004,Female,34012,31 Northview Park,55014 Pawling Pass,665709,07/03/2020
266,Rudie,Presnell,07/01/1981,Male,226,13 Kennedy Way,52 Park Meadow Way,155526,03/03/2020
267,Billy,Greeveson,06/04/1989,Female,12,6939 Dottie Drive,7019 Schmedeman Court,96400-000,06/03/2020
268,Eric,Croce,25/07/1994,Male,2001,88 Cordelia Place,38 School Point,,06/03/2020
269,Aila,Skaid,22/06/1991,Female,5,633 Eagan Place,41 Johnson Terrace,,06/03/2020
270,Opaline,McBrier,15/06/1988,Female,1598,2165 Trailsway Circle,6639 Onsgard Court,169060,05/03/2020
271,Emanuel,Fenge,24/07/1997,Male,1,1680 American Ash Court,61 Ridge Oak Way,1009,08/03/2020
272,Elsi,Guidotti,15/04/1999,Female,5,9769 Fremont Road,25210 Thackeray Place,342 80,08/03/2020
273,Adelle,Pond-Jones,11/12/2004,Female,1,062 Service Way,006 Carpenter Junction,,08/03/2020
274,Layton,Kimmings,05/03/2004,Male,96559,20 Arizona Avenue,0 Crownhardt Road,,04/03/2020
275,Aubrey,Arkil,07/07/2005,Female,10,6080 Larry Drive,70596 Lindbergh Place,,04/03/2020
276,Mayne,Satchel,06/03/1997,Male,71203,76 Pine View Lane,99 Golf Court,,03/03/2020
277,Jedidiah,Gonnel,04/01/2016,Male,78,6 Tennessee Court,86 Victoria Court,,08/03/2020
278,Steffie,Elix,28/05/2000,Female,75,70 Redwing Trail,135 Red Cloud Plaza,,06/03/2020
279,Hamnet,Lodeke,20/07/1992,Male,88,9 Pawling Parkway,6258 Clove Circle,9201,08/03/2020
280,Vanda,Cotesford,15/08/1990,Female,5,9 Lyons Lane,67901 Blaine Alley,565 31,04/03/2020
281,Sharline,Ingamells,25/01/1995,Female,81,6 Nancy Junction,0 Dahle Court,29027,05/03/2020
282,Odey,McHarry,04/02/1985,Male,3950,1 Parkside Way,58395 Macpherson Avenue,,07/03/2020
283,Harlen,Burgwin,08/11/2010,Male,6708,3 High Crossing Drive,93428 Steensland Junction,,07/03/2020
284,Gregory,Tunnoch,28/07/1996,Male,9610,9 Nelson Crossing,2005 David Trail,2680-423,07/03/2020
285,Janessa,Fulton,13/02/2004,Female,65,0 Sugar Avenue,83257 Walton Plaza,36280-000,08/03/2020
286,Donall,Toolan,08/03/2004,Male,693,187 Anzinger Court,22 Harper Point,,08/03/2020
287,Terencio,Kornousek,19/01/2018,Male,512,1 Tennyson Place,3 North Road,1950,06/03/2020
288,Twila,Slinger,30/06/2019,Female,22182,628 Carberry Center,443 Gerald Avenue,14400-000,08/03/2020
289,Reese,Hanington,03/03/2018,Male,15651,795 Brown Parkway,75 Spaight Terrace,,05/03/2020
290,Germaine,Denisovo,13/08/1981,Female,583,9 Del Sol Drive,5521 Havey Pass,10550,06/03/2020
291,Janie,Caren,24/10/1990,Female,66,5518 Colorado Junction,81 Dawn Park,,06/03/2020
292,Luella,Cronin,24/11/1989,Female,5,7219 Mosinee Park,34 Mitchell Crossing,47405,05/03/2020
293,Skippy,Gianneschi,12/04/2001,Male,1,9297 Lunder Avenue,771 Sage Way,1111,05/03/2020
294,Wiley,Sudran,03/03/1995,Male,49873,9524 John Wall Crossing,220 Prairieview Junction,4335,04/03/2020
295,Conrado,Beretta,06/09/2005,Male,493,41617 Shopko Court,1 Melody Avenue,,08/03/2020
296,Arnie,Veasey,24/11/1996,Male,403,7717 5th Court,2396 Eggendart Pass,,03/03/2020
297,Torrie,Aliman,24/03/2018,Female,21,5 Rowland Hill,34 Mesta Pass,,04/03/2020
298,Loraine,Fawdrie,15/02/2012,Female,82,907 Rusk Terrace,7 Erie Terrace,,05/03/2020
299,Giustino,Angier,15/01/2013,Male,0,4 Riverside Lane,86945 Summer Ridge Lane,,06/03/2020
300,Gilberto,Dodshun,12/08/1983,Male,20278,60 Independence Way,4 Sommers Circle,,07/03/2020
301,Balduin,Vaz,10/08/2018,Male,528,037 Sutherland Park,37695 Park Meadow Avenue,,03/03/2020
302,Lelah,De Bischop,05/06/1993,Female,45,0 Transport Place,2890 Green Lane,,08/03/2020
303,Lyndel,Fraczkiewicz,02/08/1997,Female,41,05 Elmside Trail,54 Colorado Park,,07/03/2020
304,Mahalia,Flemming,20/08/1980,Female,46,0686 Buell Avenue,35744 Tomscot Way,,08/03/2020
305,Grover,Cicconetti,12/02/1984,Male,32381,3445 Grim Avenue,24 Kennedy Drive,,08/03/2020
306,Obediah,Eadington,04/09/2008,Male,1885,35 Morning Court,80338 Cordelia Circle,,04/03/2020
307,Floria,Lammerts,27/08/2008,Female,974,7593 Walton Crossing,9 Linden Pass,,04/03/2020
308,Hortense,Baignard,09/03/2017,Female,84,86 Fremont Trail,32706 Hauk Road,3500-548,06/03/2020
309,Hughie,Sheran,24/04/1988,Male,34832,38796 Bultman Trail,834 Main Trail,,03/03/2020
310,Benedicta,Hellard,15/12/1988,Female,77660,694 Meadow Valley Drive,2762 Pleasure Street,6210,05/03/2020
311,Suzann,Samwyse,03/12/1991,Female,730,8 Mallard Junction,0 Loomis Terrace,613451,06/03/2020
312,Malvin,Calbaithe,18/05/1988,Male,498,02125 Mosinee Lane,44 Westerfield Park,6344,05/03/2020
313,Belinda,Nordass,01/04/2014,Female,22664,7279 Dennis Center,63 Maywood Way,9242,06/03/2020
314,Quinn,Fillary,25/07/1986,Male,42,120 Transport Plaza,0 Lake View Place,,03/03/2020
315,Melody,De Lacey,17/10/2000,Female,49,7 Summerview Crossing,10896 Bayside Lane,,07/03/2020
316,Hertha,Spenclay,24/03/1999,Female,421,002 East Lane,541 Annamark Circle,,08/03/2020
317,Feliks,McNeillie,05/05/1982,Male,6,739 Northfield Center,3 Northridge Street,,07/03/2020
318,Clark,Greenacre,07/05/2008,Male,874,5613 Forest Dale Hill,2581 Northfield Parkway,9015,04/03/2020
319,Rodrique,Bernardoux,16/01/1996,Male,34926,4 Laurel Court,7107 Arapahoe Hill,,04/03/2020
320,Aida,Youngman,31/10/2010,Female,74,2448 Lillian Trail,8078 Macpherson Crossing,,07/03/2020
321,Tiffanie,Campanelle,11/07/2000,Female,26343,5 Sugar Court,7169 Duke Way,,06/03/2020
322,Katlin,Dibbe,13/03/1996,Female,3564,7 Elgar Avenue,511 5th Park,,08/03/2020
323,Dianne,Matys,23/10/1980,Female,8089,6 Gateway Street,9 Towne Circle,,03/03/2020
324,Gerladina,Mosdill,23/07/1985,Female,360,51 Morningstar Road,3085 Caliangt Place,86690,04/03/2020
325,Dannye,Robun,16/11/2011,Female,33,45 Green Ridge Court,60 Main Lane,1706,07/03/2020
326,Leanna,Cuskery,17/07/1988,Female,80,2 Norway Maple Court,28 Russell Crossing,516 01,08/03/2020
327,Ellen,Spadazzi,12/12/2015,Female,8896,7874 Debs Crossing,589 Paget Trail,75128 CEDEX 11,05/03/2020
328,Benson,Ingon,22/06/2014,Male,852,71 Stoughton Crossing,3265 Katie Pass,,07/03/2020
329,Urban,Ruperto,04/03/1991,Male,27,750 Hallows Avenue,70936 Meadow Valley Place,,07/03/2020
330,Georgina,Saiz,11/06/2018,Female,0,91842 Lyons Alley,8 Buell Point,3500,05/03/2020
331,Inglebert,Minguet,12/08/2017,Male,40,16 Londonderry Crossing,29824 Pleasure Road,10014,04/03/2020
332,Madelaine,Bartosek,19/08/1991,Female,8382,80591 Macpherson Road,26610 Birchwood Way,6360-496,05/03/2020
333,Dallas,Ismay,11/02/2001,Male,2925,91 Wayridge Junction,72 Sutherland Point,,04/03/2020
334,Valaree,Ellicott,24/02/2001,Female,7754,7248 Lotheville Plaza,1228 East Pass,533 13,04/03/2020
335,Baxter,Handaside,13/05/1992,Male,4,260 Delladonna Avenue,2573 Blaine Court,65665-000,05/03/2020
336,Josy,Cherrett,11/06/1984,Female,300,3 Montana Center,6 Surrey Terrace,11004,04/03/2020
337,Andrei,Prys,22/01/2017,Female,0,8453 Kedzie Terrace,897 Randy Alley,,08/03/2020
338,Quinn,Pawelke,09/10/1982,Male,4242,4832 West Lane,73726 Oxford Terrace,33856,04/03/2020
339,Harrietta,Monckman,21/04/1999,Female,8314,1 Fairfield Hill,61 2nd Trail,80600,05/03/2020
340,Carlita,Bayne,10/03/2014,Female,36787,184 Mosinee Point,850 Dahle Drive,,07/03/2020
341,Filippo,Barkley,21/10/1997,Male,609,8 Red Cloud Parkway,52 Northport Avenue,,08/03/2020
342,Libbey,Sayre,02/12/2009,Female,726,1 Transport Parkway,688 Toban Road,934-0099,03/03/2020
343,Helenka,Rudman,04/10/2011,Female,928,50 Kings Center,39 John Wall Point,,06/03/2020
344,Dolly,Whybray,29/10/1998,Female,4520,8132 Ruskin Drive,35 Stuart Way,42082,06/03/2020
345,Rriocard,Harriday,30/07/1983,Male,98,5400 Weeping Birch Way,0500 Paget Terrace,,06/03/2020
346,Cord,Comley,06/04/1987,Male,945,3961 Havey Center,61 Brickson Park Place,,08/03/2020
347,Thibaut,Brands,16/02/2000,Male,488,58 Lotheville Park,2 Burning Wood Junction,26-242,08/03/2020
348,Shanan,Okenfold,06/08/2010,Male,62330,676 Forest Terrace,21473 Clove Drive,,05/03/2020
349,Teriann,Conley,19/06/2007,Female,94,0 Eastlawn Avenue,57623 International Hill,,03/03/2020
350,Finley,Clendening,30/05/2015,Male,523,45 Rieder Way,3 Nevada Point,,08/03/2020
351,Julee,Wherton,29/11/2009,Female,6,3927 Mosinee Hill,7 Dexter Way,,08/03/2020
352,Gradey,Cockley,09/12/1992,Male,65111,66732 Dunning Way,7 Ryan Parkway,,04/03/2020
353,Valli,Fargher,31/03/2009,Female,30,80 Ruskin Way,398 Mayfield Circle,,06/03/2020
354,Kata,Chatin,15/07/2003,Female,32,1 Northfield Plaza,932 Merchant Terrace,,04/03/2020
355,Pamella,Byng,02/10/1997,Female,5474,50607 Kenwood Pass,98 Del Sol Place,,08/03/2020
356,Lizette,Malmar,18/05/1998,Female,9188,98 Farmco Circle,9 Carey Parkway,96799,08/03/2020
357,Kylen,Scogings,03/02/2016,Female,5624,5950 Brentwood Terrace,63 Cottonwood Center,3606,07/03/2020
358,Jocelyn,Rodenborch,03/07/1990,Female,1,6266 Holmberg Drive,64738 Onsgard Park,373 71,03/03/2020
359,Dedie,Took,11/07/1998,Female,3877,6606 Banding Avenue,41555 Weeping Birch Alley,891 20,05/03/2020
360,Bridget,Lethibridge,02/02/2015,Female,77562,41740 School Terrace,0857 Starling Avenue,,07/03/2020
361,Rube,Iskow,07/12/2019,Male,559,08260 Eliot Terrace,57 Main Pass,63870-000,06/03/2020
362,Karry,Prawle,30/11/2009,Female,6,9404 Crescent Oaks Lane,7587 Fulton Parkway,,06/03/2020
363,Jarrett,Linkleter,30/03/1980,Male,0,26377 Schurz Crossing,87 Holy Cross Road,257 08,07/03/2020
364,Porty,Jedrysik,09/03/2008,Male,27759,998 Truax Center,7737 Macpherson Point,,05/03/2020
365,Emmalynne,Garrett,16/12/1988,Female,67548,296 Golden Leaf Trail,44731 Claremont Center,10602,07/03/2020
366,Staford,Shakle,20/02/1983,Male,9494,14 Crowley Way,937 Dorton Avenue,399903,05/03/2020
367,Mozelle,Summers,10/07/1983,Female,3,5 Miller Junction,071 Troy Avenue,2705-707,08/03/2020
368,Beret,Tubbles,17/05/2003,Female,4237,4 Warner Crossing,2316 Dorton Lane,44190,06/03/2020
369,Katinka,Burgis,18/01/2011,Female,9946,34 Cherokee Place,30 Novick Lane,,07/03/2020
370,Adrian,Petrelluzzi,22/07/1990,Female,40,286 Nobel Circle,671 Killdeer Parkway,,04/03/2020
371,Byran,Calvard,18/07/1997,Male,2932,75 High Crossing Avenue,70 Jenna Drive,,08/03/2020
372,Fran,Tyre,24/11/2008,Male,28,9846 Dawn Road,8 Lukken Drive,,05/03/2020
373,Vida,Avrahamof,27/03/1997,Female,86690,527 American Ash Avenue,99 Carioca Place,91131,07/03/2020
374,Viviana,Langhor,03/03/1982,Female,445,7866 3rd Trail,672 Killdeer Parkway,19700-000,08/03/2020
375,Ranna,Iannetti,24/08/2012,Female,4,634 Pleasure Way,16 Di Loreto Park,572 27,07/03/2020
376,Cale,Slaughter,17/11/2004,Male,3564,148 Warner Crossing,06 Scofield Pass,,08/03/2020
377,Massimo,Dabell,26/08/2003,Male,59,4624 Blue Bill Park Alley,90 Caliangt Crossing,,03/03/2020
378,Rowney,Amberg,18/01/2016,Male,8,9 Pleasure Parkway,83219 3rd Center,2234,03/03/2020
379,Tedi,O'Hanley,01/09/1997,Female,7038,72 Commercial Road,394 Loftsgordon Crossing,575 94,03/03/2020
380,Ezequiel,Crust,12/10/1987,Male,1762,5801 Montana Parkway,9 Tony Road,9787,05/03/2020
381,Brnaby,Doche,03/07/1992,Male,879,64999 Weeping Birch Street,0941 Helena Drive,,07/03/2020
382,Renault,Blune,19/01/1999,Male,91667,6 Morrow Drive,523 Almo Plaza,45296,07/03/2020
383,Alberik,Phalp,09/11/2013,Male,278,088 Graedel Street,8351 Pennsylvania Terrace,,07/03/2020
384,Clemmy,Coviello,27/10/2001,Male,1,47929 Erie Plaza,3 Boyd Alley,13730-000,07/03/2020
385,Kandace,Reditt,13/07/1996,Female,4331,605 Westend Junction,71 American Ash Point,,08/03/2020
386,Sibyl,Bletso,24/05/2016,Male,75964,66795 5th Way,701 Spohn Road,,04/03/2020
387,Antonio,Truitt,25/04/1998,Male,106,532 Clove Hill,2 Anderson Way,861 24,03/03/2020
388,Silvain,Lambshine,24/04/2006,Male,2,73021 Crescent Oaks Center,62 Jay Plaza,2436,04/03/2020
389,Carly,Elms,25/09/2006,Female,88,977 3rd Pass,25676 Grayhawk Pass,,05/03/2020
390,Daryle,Polini,15/05/1982,Male,78224,09 Nova Street,94418 Del Sol Court,,08/03/2020
391,Valeda,Abels,30/09/2007,Female,8,3604 Armistice Plaza,743 Dapin Lane,,08/03/2020
392,Margarette,Perigeaux,16/09/1986,Female,56,0866 David Terrace,50 Canary Way,,03/03/2020
393,Mab,Songer,28/08/1984,Female,61809,610 Continental Trail,54751 Gerald Drive,262 65,04/03/2020
394,Maren,Binley,11/01/1998,Female,0,0 Acker Lane,8337 La Follette Plaza,15250,08/03/2020
395,Berty,Parnby,10/03/2019,Female,36218,983 Jenna Point,8 Derek Hill,1424,08/03/2020
396,Andrej,Cashmore,21/08/1985,Male,644,93 Kropf Terrace,5 Kim Alley,82-505,04/03/2020
397,Ellary,Simonetti,03/01/2000,Male,25,82 Laurel Lane,3471 Carioca Way,9001,03/03/2020
398,Reed,Luckings,17/06/1986,Male,725,8273 Erie Hill,87 Arizona Point,356180,07/03/2020
399,Susanne,Colquete,30/10/2009,Female,8784,22297 Maryland Terrace,4870 Loftsgordon Lane,5444,05/03/2020
400,Chad,Rudland,17/09/1998,Female,80951,8 Forster Center,40451 6th Terrace,,07/03/2020
401,Megan,Curbishley,09/10/1986,Female,177,11 Acker Avenue,8862 Forest Run Avenue,22-610,05/03/2020
402,Moshe,Figgess,20/03/2002,Male,1,117 Montana Plaza,512 Brown Lane,,06/03/2020
403,Smitty,Boeter,04/08/2006,Male,5627,139 Corry Lane,221 Helena Trail,79114,05/03/2020
404,Daisy,Altofts,15/08/2003,Female,24,8 Sunbrook Pass,06 Green Ridge Junction,,05/03/2020
405,Krystyna,Overton,08/03/2002,Female,7,4335 Briar Crest Alley,79 Vidon Street,,03/03/2020
406,Kaitlynn,Dell Casa,13/02/2006,Female,958,3428 Crescent Oaks Lane,18 Tony Circle,,08/03/2020
407,Ches,Carah,17/10/2006,Male,5298,6 Ludington Alley,885 Straubel Pass,80905,05/03/2020
408,Bogart,Amsden,17/10/2014,Male,873,5 Montana Alley,1 Mayer Circle,32-060,07/03/2020
409,Nicholas,Urlich,12/03/2005,Male,4,20468 Dryden Center,12283 Debra Point,36810,07/03/2020
410,Nancey,Dumbrall,07/04/1994,Female,37335,18388 Mendota Drive,10 Fair Oaks Way,,04/03/2020
411,Bryant,Saylor,03/07/2019,Male,61,851 Summerview Pass,60 Dexter Pass,,08/03/2020
412,Christel,Markussen,18/04/2001,Female,359,90 Blackbird Street,0314 Clyde Gallagher Junction,,08/03/2020
413,Mirabelle,Lapping,07/05/1980,Female,75188,10432 4th Alley,3 Acker Street,8301,07/03/2020
414,Beret,Papes,26/01/2016,Female,67305,64384 Daystar Court,56489 Briar Crest Drive,,08/03/2020
415,Gwyn,Alvis,15/03/2015,Female,7,85008 Bashford Plaza,0 Sundown Street,461 91,07/03/2020
416,Elston,Klimashevich,17/12/1990,Male,253,65 Farragut Avenue,8804 Washington Park,,07/03/2020
417,Patrica,Jerosch,20/10/1992,Female,6901,001 Nobel Point,97 Melby Court,,06/03/2020
418,Alisander,Rosenauer,08/12/1992,Male,63834,69 Sunnyside Park,65 Hagan Drive,49066 CEDEX 01,04/03/2020
419,Desiri,Shillingford,29/02/2004,Female,472,0 Rusk Way,738 Declaration Park,607614,06/03/2020
420,Tades,Puddephatt,09/12/1990,Male,60,9 Doe Crossing Road,78377 Badeau Plaza,,03/03/2020
421,Rosette,Ocklin,18/05/1998,Female,57,62047 Grayhawk Circle,075 Vera Center,6185-255,05/03/2020
422,Collete,Noddings,16/05/1994,Female,66,3217 Veith Circle,0 Buell Alley,2287,03/03/2020
423,Clovis,Dalgardno,07/12/2016,Female,24507,82 Atwood Pass,01061 Warner Pass,,03/03/2020
424,Marietta,Ingree,24/03/2000,Female,4,830 Atwood Drive,5 Donald Court,4890-110,06/03/2020
425,Jarvis,Rivalland,24/09/1988,Male,8885,7 David Avenue,87268 Manitowish Point,,05/03/2020
426,Kristine,Oppery,13/02/1984,Female,3383,71548 Elgar Place,2 7th Trail,423970,06/03/2020
427,Clari,Mees,14/04/2015,Female,37,3368 Hermina Trail,2388 Thompson Lane,771 82,06/03/2020
428,Malina,Winslade,13/03/1986,Female,7210,5 Dorton Hill,3 Center Circle,,03/03/2020
429,Philomena,Chastagnier,12/01/1994,Female,5,5 Summerview Street,46749 Cherokee Crossing,36670,04/03/2020
430,Tansy,Wolledge,28/04/2007,Female,558,33627 Prairie Rose Way,4 Clove Place,58600-000,04/03/2020
431,Chelsea,Geraud,06/08/1993,Female,253,69888 Dawn Parkway,4 Merry Avenue,,04/03/2020
432,Pennie,Kermannes,28/08/2017,Female,75744,5111 Anderson Place,13 Towne Way,8009,06/03/2020
433,Guendolen,Northfield,23/09/1981,Female,6,689 Mcbride Crossing,93 Schiller Hill,,04/03/2020
434,Shaina,Cahalan,06/04/1982,Female,649,4 Orin Way,180 Hollow Ridge Court,,03/03/2020
435,Kermit,Cello,09/06/1987,Male,4250,64 Hudson Way,067 Linden Point,P31,08/03/2020
436,Stefan,Trude,19/07/1982,Male,6090,31 Moland Lane,7 Kingsford Road,,06/03/2020
437,Giustino,Mc Coughan,24/07/1986,Male,4,40 Fairfield Trail,262 Orin Crossing,,08/03/2020
438,Susanetta,Balthasar,02/06/2015,Female,9746,668 Mockingbird Way,9116 Loftsgordon Place,,06/03/2020
439,Marybelle,Redan,20/05/2004,Female,89,92910 Golf View Plaza,9 Continental Plaza,,07/03/2020
440,Cordi,Tolussi,21/10/2006,Female,25749,958 Hanover Way,919 Graedel Parkway,1120,07/03/2020
441,Larissa,Brimblecombe,16/02/1992,Female,39129,29 Anthes Alley,77 Shopko Court,,08/03/2020
442,Roger,Roy,29/05/1989,Male,18,466 Waywood Pass,701 Lerdahl Terrace,,06/03/2020
443,Dot,Ohlsen,30/07/1991,Female,435,70547 Vermont Hill,44 Fisk Drive,,04/03/2020
444,Auberta,Stanyer,21/05/2004,Female,65726,86052 Orin Trail,9931 Amoth Pass,5544,03/03/2020
445,Merissa,Killgus,02/12/2007,Female,1413,5 Garrison Lane,24 West Way,2421,05/03/2020
446,Kimble,Shilito,09/01/2001,Male,4,734 Sunnyside Way,6512 Esker Road,,08/03/2020
447,Morgen,Olifaunt,20/04/1994,Male,45370,98 Haas Circle,21603 Anderson Trail,,08/03/2020
448,Jedd,Ilett,08/09/1981,Male,72445,43 Reinke Trail,6385 Delladonna Street,43-229,08/03/2020
449,Del,Thurlborn,18/06/2016,Male,2695,65 Huxley Junction,5 Columbus Avenue,,06/03/2020
450,Cesaro,Magrane,02/09/1997,Male,40617,6 5th Lane,8 Helena Lane,8000,03/03/2020
451,Earvin,Pitkaithly,28/03/2004,Male,402,0482 Norway Maple Place,757 Eastwood Court,357838,07/03/2020
452,Caroline,Cowins,02/04/2009,Female,593,4 Rutledge Place,80 Park Meadow Avenue,50695,03/03/2020
453,Kennedy,Giraudou,15/01/1993,Male,622,0 Dovetail Point,38517 Fairview Drive,,03/03/2020
454,Cyndi,Easter,08/04/1998,Female,90,9481 Anzinger Court,279 Hermina Park,,06/03/2020
455,Kelby,Blackston,15/07/2011,Male,89,50 Hauk Avenue,483 Luster Terrace,,04/03/2020
456,Sam,Reffe,11/12/2009,Male,83270,426 Mccormick Way,68 Walton Trail,1602,04/03/2020
457,Erick,Kiellor,02/03/2005,Male,9,485 Sloan Pass,2018 Gale Center,,05/03/2020
458,Zacharia,Fuentez,24/10/1990,Male,2,5680 Northland Park,4390 Bonner Way,84964 CEDEX,04/03/2020
459,Laurette,Pickworth,06/01/2001,Female,93692,23572 Kings Junction,1 Hollow Ridge Way,,08/03/2020
460,Angie,Lambert-Ciorwyn,26/04/1994,Female,976,805 Shelley Hill,14692 Westend Plaza,120 38,07/03/2020
461,Gerladina,Longshaw,16/11/1987,Female,34,16943 Melby Junction,15 Bartillon Circle,676135,08/03/2020
462,Cally,Wloch,26/04/2017,Female,79,3124 Northview Trail,35746 Coolidge Drive,,07/03/2020
463,Webb,Slipper,14/06/1989,Male,7,48038 Brentwood Plaza,20 Fairfield Circle,57704 CEDEX,04/03/2020
464,Tressa,Gimbrett,11/10/2014,Female,273,2 Anzinger Court,71227 Gateway Crossing,,05/03/2020
465,Cherie,Stanluck,17/11/1984,Female,919,332 Welch Parkway,19401 6th Alley,,08/03/2020
466,Mar,Sollis,05/10/1992,Male,1838,869 Trailsway Place,9 Northview Drive,13970-000,08/03/2020
467,Hector,Berrane,22/07/1995,Male,71,075 Buhler Court,95 Arrowood Street,,07/03/2020
468,Vaclav,Duckfield,19/09/2005,Male,34908,2 Weeping Birch Junction,33118 Rusk Avenue,,05/03/2020
469,Roseline,Bertolin,26/05/1990,Female,26577,3311 Loomis Center,72912 Bobwhite Road,,06/03/2020
470,Fraze,Bultitude,25/09/1985,Male,2514,1 Fairfield Terrace,34196 Loftsgordon Hill,632643,07/03/2020
471,Abigale,Kesper,07/08/1981,Female,1925,0804 Delladonna Court,0 Messerschmidt Plaza,1114,08/03/2020
472,Wilhelm,Baudts,12/07/2018,Male,91450,8 John Wall Court,0151 Charing Cross Place,,08/03/2020
473,Jany,Ramey,27/10/2000,Female,8,69860 Roxbury Hill,66034 Westerfield Junction,462 87,07/03/2020
474,Harwell,Bick,15/05/1995,Male,7411,610 Eagan Alley,0 Beilfuss Terrace,,05/03/2020
475,Basile,Bateman,05/11/1990,Male,9983,86 Kropf Parkway,0178 Eggendart Drive,,06/03/2020
476,Chere,Fitzsimon,17/10/1996,Female,898,97787 Holy Cross Drive,54 Upham Circle,,07/03/2020
477,Mareah,Gapper,26/02/2019,Female,9,70 Eliot Lane,480 Pawling Road,,07/03/2020
478,Bertina,Kershaw,13/10/2004,Female,6,68239 Debs Junction,7526 Parkside Place,,06/03/2020
479,Keefe,Worters,21/06/1993,Male,596,999 Continental Terrace,65062 Bonner Alley,2417,08/03/2020
480,Joseph,Lippini,24/08/1987,Male,5,2 Buena Vista Center,64 Superior Avenue,,04/03/2020
481,Tanney,Rymer,10/08/2004,Male,9,79 Randy Drive,5451 Duke Lane,2614,03/03/2020
482,Carny,Ashwell,23/04/2008,Male,14976,3061 Lighthouse Bay Way,0 John Wall Alley,,03/03/2020
483,Lorin,Finicj,27/04/2019,Male,5,76 Trailsway Pass,088 Petterle Street,,05/03/2020
484,Leupold,Happert,12/12/1995,Male,94,64 Warner Way,727 Service Hill,5720,05/03/2020
485,Wildon,Braham,08/05/1984,Male,4452,568 Bartillon Court,056 Erie Place,5120-040,06/03/2020
486,Benyamin,Ranscombe,17/02/1986,Male,2,2704 Miller Place,779 Spenser Way,30201,07/03/2020
487,Flss,Arter,06/12/2001,Female,863,2 Mesta Way,6635 Badeau Pass,,06/03/2020
488,Chev,Fist,06/09/2008,Male,555,11 Loeprich Avenue,53600 Amoth Trail,,03/03/2020
489,Hank,Chessel,24/09/1985,Male,5161,06880 Jenifer Park,8 Golf Park,68721-000,04/03/2020
490,Anna-maria,McPhee,30/01/1998,Female,3855,1346 Mayfield Alley,1 Jay Lane,44143,05/03/2020
491,Bourke,Hurcombe,10/03/2018,Male,7682,69914 Messerschmidt Way,47 Eggendart Center,,06/03/2020
492,Harmon,Cambden,17/09/2015,Male,637,461 Browning Center,3292 Burrows Road,8281,05/03/2020
493,Janie,Hollerin,04/12/2015,Female,0,7 Elmside Road,9 Vernon Avenue,,07/03/2020
494,Bradley,Samweyes,07/12/2001,Male,2103,28 Sauthoff Parkway,52 Butternut Avenue,8603,04/03/2020
495,Domingo,Phibb,03/02/1987,Male,5,219 Briar Crest Point,5 Graceland Crossing,,05/03/2020
496,Lou,Allcock,08/06/2014,Female,2,14176 Union Park,6349 Butterfield Road,,04/03/2020
497,Cherrita,Prosh,25/06/1992,Female,9,1 Montana Lane,4 Artisan Alley,168 32,05/03/2020
498,Johny,Racine,28/03/1986,Male,1,283 Welch Plaza,66 Lerdahl Lane,,06/03/2020
499,Nisse,Van Ross,13/10/1980,Female,841,131 Hagan Alley,3 Thompson Alley,26-035,07/03/2020
500,Royal,Clay,21/08/2007,Male,38627,453 Hoard Place,38 Westport Lane,522068,05/03/2020
501,Herschel,Fasler,15/05/1993,Male,843,3389 Erie Plaza,4 Gale Hill,96600-000,06/03/2020
502,Jacky,Lambarton,27/04/1992,Male,5321,52 Amoth Road,7748 Duke Hill,,05/03/2020
503,Archy,Dunnet,29/04/1980,Male,76,07077 Schiller Street,4199 Bartillon Place,,08/03/2020
504,Fania,Raison,17/01/2013,Female,1825,33 Dryden Park,57 Melrose Pass,,03/03/2020
505,Tyrone,Justice,30/11/2014,Male,886,112 Nancy Lane,664 Superior Place,9319,04/03/2020
506,Jordan,Grcic,04/03/2010,Male,13,12142 Green Street,89 Drewry Hill,1074,07/03/2020
507,Bethina,Ekkel,22/04/2004,Female,16,1 Thierer Street,7608 Logan Lane,,05/03/2020
508,Sigismondo,Anstee,26/12/2000,Male,753,2 Troy Point,11866 Claremont Way,,06/03/2020
509,Fedora,Allsworth,31/05/1995,Female,2,4034 Meadow Ridge Lane,5396 Erie Road,72200,05/03/2020
510,Hillary,Wyson,07/12/1998,Female,77,69 Arkansas Hill,3116 Glacier Hill Hill,94785 CEDEX,05/03/2020
511,Barbey,Mullett,10/04/1997,Female,3,010 Annamark Place,8580 Lawn Lane,,08/03/2020
512,Marge,Lund,16/10/1983,Female,6,9 Sommers Street,21 Butternut Avenue,23-412,07/03/2020
513,Tynan,Matokhnin,19/10/2018,Male,6524,7368 Bluejay Parkway,2681 Warrior Lane,9512,04/03/2020
514,Hermine,Hallum,01/06/2010,Female,95,0977 Myrtle Point,405 John Wall Street,,05/03/2020
515,Annabal,Passy,09/02/2018,Female,31678,3 Pawling Drive,49564 Sunnyside Street,,05/03/2020
516,Odilia,Syer,10/08/2001,Female,83263,506 Redwing Alley,466 Melody Alley,9135-054,07/03/2020
517,Ariella,Powis,01/04/1984,Female,0,13 David Place,1 Truax Parkway,,04/03/2020
518,Orly,Lys,13/05/1993,Female,111,9 Arkansas Way,110 Bowman Point,,06/03/2020
519,Lucia,Mallinson,26/05/1981,Female,10628,37 Buena Vista Court,91653 Bultman Center,,04/03/2020
520,Samuele,Casoni,28/06/1991,Male,10484,6798 Crownhardt Pass,09027 Melvin Junction,09400-000,08/03/2020
521,Ailene,Seldon,09/04/2014,Female,1,14927 Tony Lane,91916 Birchwood Court,,05/03/2020
522,Colby,Monksfield,03/02/1987,Male,43,9 Toban Street,69 Rockefeller Pass,389-1227,05/03/2020
523,Winifred,Norssister,14/12/2018,Female,7,399 Walton Road,777 Eggendart Way,,08/03/2020
524,George,Rowan,27/04/2006,Male,5,5 Kipling Center,6575 Farwell Parkway,10130,08/03/2020
525,Darrelle,Henrych,08/02/1991,Female,2508,7613 Meadow Ridge Road,66265 Northview Park,301088,07/03/2020
526,Winnie,Brenneke,27/05/1997,Female,62,9 Nelson Trail,34 Del Sol Terrace,J7B,03/03/2020
527,Chanda,Willan,10/05/2001,Female,45922,24041 Golf View Avenue,7 Pierstorff Trail,656008,03/03/2020
528,Kyla,Kobu,30/06/2018,Female,397,76131 Muir Pass,67241 Sage Road,11680-000,05/03/2020
529,Gilbertina,McNeish,29/08/2012,Female,5,18 Tennessee Circle,4674 Debs Terrace,,07/03/2020
530,Arly,Sackett,25/05/2001,Female,649,90 Bowman Street,739 Sheridan Terrace,,07/03/2020
531,Libby,Brickdale,28/06/1982,Female,8334,84 Anzinger Lane,45 David Place,,08/03/2020
532,Sonnie,Cluely,03/02/2005,Male,3999,914 Columbus Circle,569 Hazelcrest Court,,04/03/2020
533,Linnell,Bonnaire,02/07/2013,Female,139,1825 Hoffman Drive,35541 Victoria Circle,,06/03/2020
534,Loria,Smithin,12/03/2013,Female,73729,45916 Lindbergh Place,9225 Barnett Street,T7E,03/03/2020
535,Creight,Cody,12/02/1986,Male,19,36 Oak Street,51 Miller Drive,,07/03/2020
536,Tallie,Sarra,26/06/1980,Male,6,4708 Vernon Drive,512 La Follette Alley,4421,05/03/2020
537,Margarette,Servant,15/07/1999,Female,61834,06 Victoria Trail,6346 Red Cloud Trail,,05/03/2020
538,Flemming,Lory,21/02/2010,Male,9301,3538 Mockingbird Street,5801 Ridgeview Drive,347-0105,04/03/2020
539,Manuel,Searchwell,10/09/1990,Male,87,79609 Mesta Parkway,5 Corry Parkway,,06/03/2020
540,Kylila,Conklin,24/07/1985,Female,792,9 Kipling Junction,3781 Atwood Place,,08/03/2020
541,Darius,Spurrior,21/08/1991,Male,3,0778 Debs Court,5 Leroy Circle,4541,04/03/2020
542,Marcelline,Squeers,20/07/2018,Female,716,548 Hermina Drive,23089 Eastwood Drive,,05/03/2020
543,Liliane,Joinson,04/02/2009,Female,4407,6129 Birchwood Plaza,37412 Northview Court,53225,04/03/2020
544,Cointon,Drewet,24/02/2008,Male,1,3307 Maywood Drive,687 Lighthouse Bay Junction,,03/03/2020
545,Merrel,Mathwin,06/12/1993,Male,30455,48341 Upham Hill,2 Dunning Junction,269 36,03/03/2020
546,Benn,Charity,10/04/2010,Male,5,860 Algoma Trail,2 Claremont Way,,08/03/2020
547,Jacki,Bernolet,18/04/1999,Female,77,0050 Dixon Parkway,11 Loomis Pass,,04/03/2020
548,Virginia,Chettoe,12/12/1999,Female,6,0150 Westerfield Hill,8063 Mcbride Lane,,03/03/2020
549,Adelheid,Edgehill,17/08/1994,Female,3516,5210 Larry Lane,589 Farmco Road,,03/03/2020
550,Fernande,Haggar,08/06/2011,Female,73,635 Prentice Plaza,86217 Welch Trail,,04/03/2020
551,Gamaliel,Cathenod,27/03/1994,Male,3,498 Alpine Plaza,06147 Debs Trail,,08/03/2020
552,Oswell,Kesley,13/11/1991,Male,76,4 Lighthouse Bay Court,51900 Gulseth Road,,03/03/2020
553,Bear,Hammerberg,20/06/2018,Male,8120,3 Meadow Valley Hill,5 Rigney Center,303158,08/03/2020
554,Markus,Bussell,04/08/2011,Male,0,7301 Eastwood Terrace,069 Drewry Point,J3Y,07/03/2020
555,Dalton,Manske,27/08/1988,Male,7366,2 Farmco Way,28 Meadow Valley Avenue,,07/03/2020
556,Cammi,MacUchadair,30/07/1985,Female,399,86 Dapin Street,9514 Messerschmidt Trail,,03/03/2020
557,Marigold,Witchell,04/11/1993,Female,81568,7 Sloan Place,4264 American Ash Alley,,08/03/2020
558,Whitaker,Reddington,10/05/1997,Male,83552,4880 Anzinger Drive,805 Bowman Parkway,87-822,04/03/2020
559,Carlina,Behan,26/06/2018,Female,4036,8058 Badeau Street,5 Bartelt Way,9810,04/03/2020
560,Mata,Kivlin,20/10/1989,Male,46,232 Ryan Alley,5 Starling Crossing,57210,05/03/2020
561,Corbet,Piele,19/10/1992,Male,16,2 Comanche Lane,514 Morning Park,98175,05/03/2020
562,Madelin,Ewert,09/10/1992,Female,777,5 Caliangt Place,07 Onsgard Terrace,,07/03/2020
563,Herbert,Blasius,05/05/2002,Male,99469,517 Anzinger Road,7314 Milwaukee Avenue,6527,07/03/2020
564,Dita,Ryves,04/08/2010,Female,4,5822 Ridgeview Drive,55308 Birchwood Trail,4247,04/03/2020
565,Peterus,Rosencrantz,01/11/2006,Male,196,45 Mayer Alley,05745 Memorial Alley,4890-341,07/03/2020
566,Dasi,Goldis,28/12/2001,Female,34,93 Loftsgordon Way,86 Manitowish Court,,05/03/2020
567,Myron,Shelly,25/04/2015,Male,7,3 Lotheville Junction,58 Boyd Drive,78175-000,04/03/2020
568,Phyllis,Goldby,23/01/2008,Female,7,203 Spenser Junction,862 David Way,K4K,07/03/2020
569,Leonardo,Rablen,17/05/1986,Male,6,4523 Clarendon Court,8627 Onsgard Road,21465,08/03/2020
570,Ottilie,Mixer,07/10/1980,Female,3120,32 Forest Street,44430 Evergreen Lane,,07/03/2020
571,Woodie,O'Scanlon,07/11/2004,Male,74783,52 Arapahoe Place,3 Pawling Court,6549,03/03/2020
572,Moria,Stannion,03/01/2006,Female,8,6469 Mayfield Center,14918 Valley Edge Avenue,46170,03/03/2020
573,Alaric,Giraux,23/09/1982,Male,18,94 Prairie Rose Parkway,76 American Court,433 84,08/03/2020
574,Hal,Treadgear,04/06/2000,Male,338,85 Claremont Trail,9 Merrick Center,423959,03/03/2020
575,Jacquetta,Dowbakin,24/08/2019,Female,63,68 Shoshone Circle,4 Havey Place,5312,04/03/2020
576,Abbot,Foulkes,22/03/2010,Male,42,1334 Hayes Drive,686 Burrows Terrace,ZTN,06/03/2020
577,Malissia,Greenhalgh,30/12/1999,Female,978,1580 Monica Parkway,00 Everett Plaza,201018,07/03/2020
578,Gabriell,Duigenan,05/09/1992,Female,9,406 Caliangt Crossing,102 Bashford Place,,08/03/2020
579,Ange,Philippet,09/04/2002,Male,1,59 Saint Paul Street,03294 Farwell Drive,23120,05/03/2020
580,Ivette,Denidge,01/01/2014,Female,51,839 North Point,27 Haas Center,665161,04/03/2020
581,Brittne,Jacks,04/03/2013,Female,35,799 Boyd Lane,331 Sycamore Terrace,,07/03/2020
582,Kermie,Stichall,22/02/1999,Male,6494,4 Rowland Park,9046 Melvin Place,,07/03/2020
583,Dotty,Unsworth,04/06/2014,Female,265,850 Arrowood Junction,70 Onsgard Avenue,,08/03/2020
584,Lindsey,Beavers,06/06/1983,Male,854,82 Sutherland Center,45 Rowland Plaza,,08/03/2020
585,Borg,Crosen,29/11/2014,Male,314,3 Pankratz Road,61 Spenser Avenue,,03/03/2020
586,Gaspard,Climance,01/03/1988,Male,62733,39 Beilfuss Park,50 Vernon Court,,05/03/2020
587,Nilson,Calton,31/05/1990,Male,8,0 Rusk Trail,700 Killdeer Place,,06/03/2020
588,Miner,Wrankling,14/02/1997,Male,16093,1061 Gulseth Pass,087 Kipling Drive,4101,03/03/2020
589,Jerri,MacConnell,18/11/2000,Male,410,4325 Dawn Court,77 Arizona Crossing,,06/03/2020
590,Herta,Simioni,06/02/2014,Female,5381,2247 Schurz Point,460 Mifflin Terrace,,03/03/2020
591,Martha,Podbury,07/12/1981,Female,96,812 Carioca Plaza,71 Graedel Plaza,88154 CEDEX,04/03/2020
592,Miguel,Jon,14/11/2004,Male,797,352 Chive Court,26 Everett Trail,,06/03/2020
593,Sidoney,Welbelove,08/01/1996,Female,4338,67772 Tennyson Pass,626 Meadow Valley Court,,03/03/2020
594,Marilee,Springham,04/02/1996,Female,7932,27092 Schiller Road,7975 Lyons Circle,M3H,04/03/2020
595,Claudell,Denning,24/07/1980,Male,83040,55778 Holy Cross Avenue,3484 Lien Park,,06/03/2020
596,Arnuad,Lowne,14/02/1981,Male,80462,63305 Burning Wood Street,8 Quincy Hill,,04/03/2020
597,Toddy,Guesford,17/01/2007,Male,280,431 Sutherland Pass,55 Ruskin Drive,65951 CEDEX 9,03/03/2020
598,Benton,Shatliffe,22/01/1994,Male,254,8 Charing Cross Pass,7330 Menomonie Avenue,,04/03/2020
599,Winifield,Dibley,01/11/1987,Male,6,0 Loomis Court,6946 Main Hill,7300,07/03/2020
600,Sheri,Carp,23/03/2015,Female,25763,7 Carberry Drive,8154 Springview Center,,07/03/2020
601,Adeline,Gagen,21/05/2017,Female,84016,36138 Rutledge Circle,51 West Street,391147,06/03/2020
602,Kit,Rubinsohn,23/02/1981,Male,21,783 7th Drive,08 Manley Road,,08/03/2020
603,Rozanne,Armatage,23/05/1984,Female,71352,45205 Aberg Road,73004 Spohn Circle,32-610,06/03/2020
604,Peyter,Mcasparan,15/08/2011,Male,36310,51393 Mariners Cove Way,94 Farragut Court,,04/03/2020
605,Guthrey,Domegan,30/07/2019,Male,95,019 Marquette Lane,39 Loomis Hill,356 04,05/03/2020
606,Kai,Smart,23/02/2007,Female,4204,5213 Loeprich Pass,294 Buell Drive,167032,04/03/2020
607,Johna,Fydoe,14/03/1982,Female,57,401 Lillian Court,43 Mayfield Lane,,03/03/2020
608,Deana,Boyton,29/08/2012,Female,11371,22 Laurel Terrace,44 Summer Ridge Drive,93401,05/03/2020
609,Pavla,Umpleby,19/05/2017,Female,4,43 Mockingbird Terrace,4 Gerald Drive,,06/03/2020
610,Ike,Minton,16/12/1997,Male,553,5 Eggendart Road,4 Browning Lane,,08/03/2020
611,Nicoline,Rosas,20/01/2006,Female,4536,59966 Wayridge Avenue,3 Old Shore Parkway,7940-006,05/03/2020
612,Kaitlin,Serjeant,07/06/2014,Female,1,867 Carioca Point,57284 Montana Circle,3504,03/03/2020
613,Rey,Crouse,29/09/2006,Male,2713,30316 Badeau Center,8534 Judy Crossing,33274 CEDEX,08/03/2020
614,Tammy,Mico,19/02/1982,Male,53,523 Welch Park,61706 Scofield Way,,05/03/2020
615,Corrianne,Klimpke,01/08/1991,Female,991,6802 Independence Pass,813 Monica Plaza,78151,03/03/2020
616,Any,Conahy,19/04/2005,Male,765,3370 Haas Trail,28 Fieldstone Park,,07/03/2020
617,Kristina,Castiello,15/11/1989,Female,97,499 Sundown Parkway,990 Knutson Park,5120-384,06/03/2020
618,Constantin,Duligall,31/05/1989,Male,7668,80114 Hoffman Road,0 Helena Lane,,07/03/2020
619,Karie,Davley,26/09/2001,Female,98,63525 Fairfield Center,2 Doe Crossing Terrace,,05/03/2020
620,Tailor,Codron,11/06/1993,Male,107,56258 Fuller Circle,7164 Becker Avenue,176 76,08/03/2020
621,Julee,Giffaut,29/09/2010,Female,4,58 Stang Junction,742 West Avenue,,05/03/2020
622,Jo ann,Venners,20/03/2006,Female,140,32 Vera Point,19 Vidon Place,,04/03/2020
623,Clementius,Bartot,14/07/2009,Male,706,90756 Mallory Lane,19 Southridge Pass,48400-000,04/03/2020
624,Nanny,Butchard,13/12/2005,Female,231,3 Ridgeway Center,5 Schurz Place,7008,04/03/2020
625,Peyton,Cottisford,19/05/1995,Male,8796,9676 Green Plaza,2306 Orin Circle,,08/03/2020
626,Nicola,McNirlin,13/03/2018,Female,309,9582 Pearson Terrace,72 Center Point,,08/03/2020
627,Duffie,Durling,01/02/2002,Male,78051,012 Butternut Place,211 Jana Drive,215662,06/03/2020
628,Reinwald,Kuna,09/11/2005,Male,0,025 Gerald Lane,82929 Ludington Plaza,83722,05/03/2020
629,Creight,Ionn,28/12/2019,Male,3788,77547 Upham Pass,16516 Menomonie Road,664048,05/03/2020
630,Stacee,Harvey,20/10/2019,Male,64,6 Transport Pass,3625 Calypso Park,58823-000,08/03/2020
631,Slade,Le Bosse,08/05/2009,Male,27077,400 Commercial Lane,40 Orin Way,,04/03/2020
632,Persis,Habbes,01/05/1996,Female,544,23611 Heath Circle,20 American Ash Court,,03/03/2020
633,Christoph,Alpe,15/09/2004,Male,826,4 Talmadge Alley,97201 Raven Lane,468 44,06/03/2020
634,Moise,Vaillant,21/12/2004,Male,719,29408 Thierer Lane,7 Mockingbird Circle,,04/03/2020
635,Feodor,Lennox,25/05/1980,Male,75408,71 Meadow Valley Pass,76644 Claremont Junction,,05/03/2020
636,Mahmud,Elvin,17/01/1989,Male,5766,1 Del Sol Alley,993 Rigney Lane,2889,07/03/2020
637,Joelle,Farrear,30/08/1980,Female,1,706 Dixon Street,0 Lien Parkway,20195,05/03/2020
638,Giles,Arnau,16/04/1985,Male,174,46446 Esch Court,8 Canary Avenue,,03/03/2020
639,Correy,Corderoy,19/05/2015,Female,169,957 Independence Point,6 Morning Hill,8000,03/03/2020
640,Lenore,Matthias,01/09/2019,Female,6199,4698 Almo Court,4 5th Center,13343 CEDEX 15,08/03/2020
641,Koral,Stailey,28/05/1986,Female,6,3 Clarendon Point,582 Center Alley,,04/03/2020
642,Noby,Greendale,31/03/1985,Male,12290,83119 Hoffman Plaza,5 Alpine Court,9614,03/03/2020
643,Alison,Guillart,06/10/1986,Female,7560,04 6th Court,85058 Briar Crest Park,,06/03/2020
644,Vassili,Oppie,10/07/2002,Male,5,0 Randy Junction,0 Parkside Terrace,51216,07/03/2020
645,Jenica,Yackiminie,28/12/1998,Female,57,3500 Duke Way,0 Birchwood Trail,190018,07/03/2020
646,Janeva,Paice,15/10/2017,Female,52297,5532 Mcbride Lane,7 Hauk Drive,11940-000,05/03/2020
647,Pace,Withey,26/06/2009,Male,483,1876 Calypso Place,085 Sutteridge Parkway,,08/03/2020
648,Haskell,Jacson,02/06/1997,Male,0,9954 Sunnyside Terrace,8 Karstens Circle,6300,07/03/2020
649,Lizzie,Pandya,28/07/1986,Female,46,6 Gerald Trail,740 Mcguire Road,22309,06/03/2020
650,Isidro,Pelchat,11/03/2010,Male,9979,0 Fordem Trail,66 Shasta Circle,,06/03/2020
651,Colas,Mumberson,06/11/2015,Male,1,0958 Clarendon Plaza,79651 Debs Parkway,801 84,08/03/2020
652,Christie,Craigs,20/12/1980,Female,7814,58 Welch Avenue,6 Warbler Parkway,,07/03/2020
653,Nikola,Beasant,20/06/2004,Male,1857,8 Evergreen Avenue,990 Porter Crossing,,04/03/2020
654,Vernor,Brome,13/10/1985,Male,709,6 Center Plaza,93034 Badeau Road,,05/03/2020
655,Marlyn,O'Neal,24/12/2000,Female,7,5 Starling Circle,09088 Namekagon Terrace,3403,04/03/2020
656,Isa,Eggerton,30/10/1984,Female,6,27 Daystar Way,0362 Clove Street,4775-404,05/03/2020
657,Lyndsay,Scholte,09/11/1984,Female,9,4 Ilene Point,0764 Summerview Hill,25556,03/03/2020
658,Shaughn,Peasey,09/05/2005,Male,427,45 Petterle Parkway,101 Kipling Crossing,,08/03/2020
659,Freddy,Bain,10/05/1997,Male,23,7 Ruskin Crossing,3 Banding Drive,41220,05/03/2020
660,Fredric,Wortman,24/11/2016,Male,92,2 Mesta Avenue,8 Springs Pass,31106,07/03/2020
661,Carolyn,MacDonnell,02/04/2009,Female,1034,57 Lotheville Junction,18298 Fairfield Pass,,05/03/2020
662,Dareen,Malter,06/09/1992,Female,7,4733 Hovde Parkway,31752 Bunting Avenue,,04/03/2020
663,Regan,Grog,06/04/1985,Female,64679,39720 Merrick Drive,73229 Erie Parkway,,08/03/2020
664,Grazia,Geroldo,18/03/1994,Female,4218,918 Shelley Alley,9452 Mallory Park,934-0099,08/03/2020
665,Farris,Turle,16/09/2006,Male,27629,18427 Coolidge Trail,455 Gateway Crossing,87090 CEDEX 9,04/03/2020
666,Ignacio,Mullineux,20/06/2002,Male,8240,60 Helena Plaza,99 Packers Parkway,427060,03/03/2020
667,Weider,Grimston,20/11/1996,Male,4086,0378 Petterle Crossing,5 Park Meadow Plaza,,07/03/2020
668,Sophey,Maciaszczyk,12/05/1988,Female,65279,0 Kensington Parkway,49080 Beilfuss Center,3240,05/03/2020
669,Lezlie,Probbing,19/07/1992,Female,1652,97749 Forest Run Plaza,4069 Cordelia Junction,4014,04/03/2020
670,Almire,Buckeridge,05/08/1982,Female,3745,9200 Caliangt Point,3363 Sutherland Place,5046,06/03/2020
671,Gussy,Orris,18/01/1998,Female,1,6 Di Loreto Drive,91294 Carpenter Avenue,,06/03/2020
672,Sandi,Revening,08/08/1993,Female,8934,762 Valley Edge Trail,47958 Westend Circle,,06/03/2020
673,Olympie,Fawdrie,29/03/2005,Female,9,80956 Petterle Avenue,4 Blackbird Junction,,07/03/2020
674,Parnell,Brayfield,02/07/2007,Male,937,3 Susan Alley,39 Loomis Street,,08/03/2020
675,Cece,Klesel,21/09/1994,Male,3,96 Carberry Lane,7503 Sachs Park,07-110,06/03/2020
676,Shelden,Godspede,07/10/1993,Male,1284,21154 Bowman Court,9947 Portage Junction,,04/03/2020
677,Abbey,Saltsberger,26/09/2002,Male,11975,00 Manley Trail,64773 Northridge Place,,06/03/2020
678,Kira,Darco,16/09/2019,Female,68961,70216 Coolidge Center,5990 Sheridan Way,,04/03/2020
679,Marney,Eteen,08/01/2020,Female,40941,5 Dwight Center,3385 Merchant Park,999-3776,03/03/2020
680,Sylas,Briiginshaw,28/08/2018,Male,43,26 Arkansas Park,328 Evergreen Avenue,,07/03/2020
681,Freedman,Ashpole,28/09/2014,Male,8367,83 Londonderry Place,73070 Meadow Valley Pass,180536,03/03/2020
682,Mela,Delahunty,01/03/2003,Female,215,1292 Hansons Road,76986 Dapin Trail,,05/03/2020
683,Jerrilyn,Arnao,10/07/1985,Female,309,0 Anthes Way,937 Pine View Pass,,05/03/2020
684,Micah,Elloy,30/10/1999,Male,6,74 Duke Center,778 Grim Center,,06/03/2020
685,Burty,Cragoe,11/07/2012,Male,25451,00055 Leroy Hill,7 Milwaukee Court,666025,06/03/2020
686,Jobina,Collingridge,19/11/2018,Female,18934,0165 Sullivan Point,25 Oneill Alley,,03/03/2020
687,Teddie,Titford,17/08/1985,Male,79765,62459 Huxley Junction,8 Hazelcrest Junction,331 41,06/03/2020
688,Omero,Reuther,28/05/2005,Male,6,7882 Mcguire Trail,44 Oak Valley Plaza,4485-296,07/03/2020
689,Halie,Lomond,08/04/2014,Female,88,46182 Utah Hill,74184 Elgar Place,78975-000,08/03/2020
690,Deeann,Muddicliffe,18/12/1991,Female,23758,7 Bonner Way,717 Buhler Alley,,07/03/2020
691,Grady,Droogan,01/02/1983,Male,0,8861 Claremont Avenue,963 Crest Line Hill,9663,08/03/2020
692,Georges,Gadeaux,24/07/1988,Male,57,9988 Arrowood Drive,4521 Jenifer Street,29300-000,05/03/2020
693,Ingunna,Lawless,22/01/2016,Female,760,9 Rieder Plaza,3 Scofield Pass,427060,04/03/2020
694,Winny,Norker,02/04/1981,Female,47,0 Jenifer Point,105 Coolidge Drive,,07/03/2020
695,Emmet,Tilbrook,13/03/1983,Male,7,7682 Jenna Center,71 Eagan Point,97-420,06/03/2020
696,Nerte,Matson,24/03/2007,Female,3106,0 Pierstorff Parkway,62914 Esch Point,L-6834,03/03/2020
697,Channa,Oxborough,16/06/2011,Female,9,9681 Beilfuss Street,98490 Northview Court,391964,03/03/2020
698,Petunia,Puig,25/01/2003,Female,19089,8 Coolidge Junction,53919 Elgar Plaza,52216,04/03/2020
699,Alfonso,McLagain,06/05/1995,Male,57711,464 Sycamore Lane,646 Fisk Terrace,,03/03/2020
700,Shanan,Boneham,25/02/2000,Male,66564,9956 Russell Lane,24 Kim Park,,08/03/2020
701,Trudie,Edmed,11/08/1980,Female,793,9 American Ash Avenue,53678 Iowa Plaza,692854,03/03/2020
702,Bettine,Reye,28/08/2005,Female,6,28 Orin Way,4149 Oak Valley Hill,,08/03/2020
703,Susette,Bryers,02/10/1985,Female,3,84 Jana Court,8 Mallard Parkway,,05/03/2020
704,Gwendolen,Vowdon,08/06/1980,Female,12,380 Corscot Point,4 Westridge Road,,06/03/2020
705,Jacquelin,Donhardt,06/06/1987,Female,4238,98897 Cherokee Way,9 La Follette Point,75032 CEDEX 01,07/03/2020
706,Tomlin,Redsall,03/04/1994,Male,516,265 Kensington Trail,893 Nova Point,,08/03/2020
707,Maura,Keepence,25/04/2004,Female,5604,37 Bobwhite Alley,32 Talisman Court,,07/03/2020
708,Katee,Ramelot,12/09/2016,Female,58366,694 Harbort Avenue,1748 Boyd Terrace,8120,06/03/2020
709,Cherilynn,Castelyn,16/06/1995,Female,40,8 Carberry Road,1641 Memorial Center,34280,06/03/2020
710,Anitra,Santos,18/06/2000,Female,9,146 Tomscot Court,75 Basil Center,,07/03/2020
711,Marnia,Durrans,29/10/1996,Female,3,062 Gateway Terrace,4399 Sunnyside Street,,05/03/2020
712,Bail,Veljes,22/02/1986,Male,0,18 Monument Junction,32775 Kim Street,,08/03/2020
713,Tucky,Lumley,17/10/1992,Male,817,22561 Eagan Trail,28 Leroy Avenue,,08/03/2020
714,Hy,Godier,15/11/2002,Male,2,1231 Jana Street,7 Declaration Pass,623462,05/03/2020
715,Giles,Ney,21/11/1980,Male,3469,857 Cordelia Trail,03 Redwing Circle,,08/03/2020
716,Valery,Sidery,10/07/1994,Female,7,147 Anniversary Street,43 Old Shore Street,473008,03/03/2020
717,Willard,Mewe,09/04/1984,Male,5,98 Starling Crossing,90 Carey Parkway,,06/03/2020
718,Karine,Tzarkov,28/10/1982,Female,263,7 Elgar Street,2268 Myrtle Crossing,,06/03/2020
719,Ursola,Kull,07/05/1991,Female,3,39 Hudson Junction,572 Hudson Hill,1062,03/03/2020
720,Wiatt,Bridgeman,13/12/2012,Male,327,0031 Scofield Place,7732 5th Parkway,675 26,03/03/2020
721,Petronilla,Isakson,29/04/2011,Female,4,07203 Towne Point,0122 North Street,43-391,07/03/2020
722,Aurel,Tidbold,22/07/1995,Female,1106,054 Waxwing Terrace,0 Heath Trail,94121,04/03/2020
723,Licha,Summerrell,18/07/1986,Female,9414,015 Springview Park,2683 Towne Junction,,04/03/2020
724,Traci,Rackstraw,07/06/1984,Female,19,023 Prairieview Parkway,57258 Northwestern Drive,,03/03/2020
725,Dulcy,Dominey,06/05/1980,Female,391,8438 Mandrake Parkway,339 Merchant Pass,259-0157,04/03/2020
726,Raine,Gorghetto,28/04/1988,Female,38,3268 Elgar Street,1316 Pleasure Crossing,53085 CEDEX 9,08/03/2020
727,Jeanine,Scolli,30/11/1987,Female,0,8 Florence Junction,25695 Melby Point,3307,06/03/2020
728,Cris,Ramm,08/07/2001,Female,35,2 Del Mar Place,1160 John Wall Court,,05/03/2020
729,Cirillo,Jephson,26/02/1992,Male,9,56334 Nevada Drive,62 Porter Street,,08/03/2020
730,Ludovika,Youll,17/12/1997,Female,5209,470 Northport Alley,773 Knutson Street,8426,06/03/2020
731,Elsworth,Hoggan,12/02/2004,Male,24132,5 New Castle Trail,20 Aberg Road,58280-000,08/03/2020
732,Abra,MacCaughen,29/04/2007,Female,93735,93450 Manitowish Plaza,6 Park Meadow Way,,06/03/2020
733,Killian,Rheaume,09/12/2013,Male,72,822 Melrose Avenue,74 Jana Alley,4894,07/03/2020
734,Robin,Doylend,18/09/1980,Female,23,467 Vera Trail,9 Blue Bill Park Court,11005,04/03/2020
735,Belinda,Agg,25/08/2016,Female,99935,3072 Chinook Road,88944 Mcguire Drive,,04/03/2020
736,Giacobo,Lawey,12/12/2009,Male,98,73 Derek Terrace,96 Erie Crossing,498-0062,03/03/2020
737,Joella,Oliver-Paull,08/04/1985,Female,1136,7 Lake View Court,05604 Sheridan Plaza,,06/03/2020
738,Ardith,Prew,13/05/2019,Female,172,2 Thackeray Circle,1739 Claremont Pass,512 24,08/03/2020
739,Marlon,Drew,17/06/1987,Male,8,9 Northfield Place,6 6th Junction,,06/03/2020
740,Kare,Fitzroy,12/11/2005,Female,4652,925 Hermina Drive,63085 Logan Parkway,,06/03/2020
741,Keriann,Jeremaes,05/11/1988,Female,9,72 Maryland Center,524 Colorado Street,,03/03/2020
742,Ira,Wendover,24/08/2005,Male,2788,32 New Castle Circle,785 Delaware Court,6809,03/03/2020
743,Ravi,Desaur,23/08/1993,Male,9,58455 Pond Place,9565 Talmadge Circle,6404,07/03/2020
744,Gale,Barosch,09/06/1993,Male,947,77195 Bluejay Plaza,062 Acker Court,,06/03/2020
745,Virgilio,Goodwin,28/11/2010,Male,82,27968 Cordelia Alley,7 Prairieview Avenue,,05/03/2020
746,Benton,Jerrolt,29/12/2012,Male,387,2414 Ridge Oak Avenue,692 Roxbury Court,46-081,05/03/2020
747,Daron,Woolsey,24/09/2007,Female,98,3140 Dryden Drive,273 Upham Plaza,205048,08/03/2020
748,Dante,Pepperd,03/12/2005,Male,8328,3 Sunfield Center,88 Mitchell Drive,,08/03/2020
749,Johnathon,Poad,26/10/1999,Male,7,58110 Sunfield Park,56373 Grim Drive,46300-000,05/03/2020
750,Shellie,Andretti,28/05/1987,Female,7843,0 Hintze Place,32675 Fairview Avenue,8760,03/03/2020
751,Stephan,Jobson,31/10/2002,Male,88947,0 Bunker Hill Lane,81 Onsgard Street,347612,08/03/2020
752,Oriana,Esslement,06/01/2009,Female,737,2 Vidon Pass,9 Northridge Terrace,689400,07/03/2020
753,Derk,Slowcock,05/01/1982,Male,68033,7988 Jenna Place,0 Daystar Way,,03/03/2020
754,Robers,Mirams,19/09/1989,Male,7084,083 Monterey Road,90807 Claremont Park,,08/03/2020
755,Juan,Matschek,16/06/1998,Male,523,36180 Cascade Crossing,96 Duke Circle,8404,04/03/2020
756,Trever,Shaddick,27/06/1995,Male,35,18659 Drewry Pass,3 Barnett Trail,,03/03/2020
757,Marlo,Martschke,26/03/2004,Male,7922,7 Mosinee Circle,69 Hooker Center,50090,08/03/2020
758,Katti,Chinnock,08/11/1998,Female,551,998 Lake View Place,548 Harper Avenue,6120-625,05/03/2020
759,Rozella,Goodbur,09/06/1989,Female,2,03096 Pawling Place,21 Jay Junction,6050-435,04/03/2020
760,Monti,Gillott,13/02/2020,Male,88550,704 Eastlawn Lane,15576 Paget Trail,47800-000,03/03/2020
761,Remy,Easbie,18/05/2017,Female,4473,422 Bonner Parkway,7911 Maywood Center,,03/03/2020
762,Tim,Kilby,20/05/2004,Male,24294,37 Westerfield Hill,2012 Summer Ridge Lane,,03/03/2020
763,Willis,Olifaunt,30/07/1993,Male,5820,80173 Ludington Alley,3 Eagle Crest Plaza,,06/03/2020
764,Irena,Firmin,22/03/1996,Female,16,68 Hermina Junction,4756 Hanover Way,59663 CEDEX,05/03/2020
765,Delly,O'Noulane,23/08/1992,Female,3,8188 Artisan Circle,908 Del Mar Circle,,06/03/2020
766,Yardley,Roome,18/06/2005,Male,68,1941 Kings Junction,23 Oakridge Place,,06/03/2020
767,Christiana,Ducker,26/05/1981,Female,741,94 Little Fleur Circle,33077 Crest Line Center,141 21,08/03/2020
768,Iain,Bavidge,07/07/2003,Male,31,540 Golf Course Alley,67 Calypso Plaza,5301,06/03/2020
769,Mariquilla,O'Dogherty,09/01/2005,Female,39468,5 Little Fleur Lane,95 Russell Road,33710,04/03/2020
770,Emlynne,Haseldine,29/06/2018,Female,5049,0 Eagan Junction,38865 Mccormick Lane,56001,06/03/2020
771,Stafford,Santello,27/08/2010,Male,9445,99 Mariners Cove Plaza,00894 Ruskin Park,97-225,03/03/2020
772,Fernande,Gamlen,03/03/1998,Female,983,42326 Myrtle Junction,7 Crescent Oaks Street,,05/03/2020
773,Betti,Sager,09/05/1988,Female,78809,3 Oak Valley Circle,44 Nelson Park,,04/03/2020
774,Eddy,Heinreich,07/07/1985,Male,27,89312 Acker Plaza,21492 Mallory Plaza,,05/03/2020
775,Sigismund,Piggins,20/12/1996,Male,8,5 Texas Road,21903 Arizona Terrace,2436,06/03/2020
776,Colby,Willoughby,21/12/2014,Male,899,89 Mcguire Avenue,0 Russell Parkway,57910-000,03/03/2020
777,Teodoro,Scolland,01/04/1988,Male,99585,29 Lunder Street,070 Raven Hill,646334,05/03/2020
778,Hyatt,Bunston,31/05/1995,Male,2467,099 Monica Junction,3182 Clyde Gallagher Drive,,04/03/2020
779,Maressa,Castelow,15/09/2008,Female,5385,355 Farmco Circle,400 Donald Alley,,08/03/2020
780,Noellyn,Gioani,26/04/2003,Female,8,804 Pepper Wood Parkway,2 Service Junction,6041,03/03/2020
781,Milt,Weatherhead,09/11/1980,Male,1,28329 Arizona Pass,1809 Hagan Hill,,03/03/2020
782,Rozalie,Magill,21/08/1982,Female,3,01 Barby Drive,8323 Chinook Parkway,341 70,04/03/2020
783,Carree,Attenbrow,30/07/1981,Female,8,43910 Erie Place,1 Shopko Pass,RBT,08/03/2020
784,Trish,Jan,24/01/1998,Female,6914,0 Arrowood Road,8 Forest Run Circle,151427,07/03/2020
785,Cate,Riha,18/05/1983,Female,285,5 Esch Center,8 Homewood Alley,63560-000,08/03/2020
786,Corissa,Mundwell,03/10/1994,Female,28,904 Norway Maple Lane,25 Westridge Road,,05/03/2020
787,Derrick,Brickhill,11/04/2000,Male,5393,9807 Shoshone Park,75047 Merry Circle,,06/03/2020
788,Jocko,Shilling,18/03/2014,Male,85,049 Sutherland Park,249 Bunker Hill Plaza,,06/03/2020
789,Delmar,Rotchell,12/02/1996,Male,9,9 Chinook Lane,978 Morning Park,,06/03/2020
790,Benedetto,Seres,11/07/1983,Male,1,6338 Pleasure Lane,3949 Mccormick Road,,04/03/2020
791,Swen,Dillinger,26/08/1986,Male,731,709 Springs Center,50 Morning Circle,51039 CEDEX,08/03/2020
792,Ottilie,Cornelius,04/09/2000,Female,8,01 Mitchell Drive,39785 Mesta Circle,,06/03/2020
793,Hedda,Dumphry,22/03/1998,Female,7035,1005 Lillian Park,514 Dovetail Court,93180-000,07/03/2020
794,Morrie,Redwing,29/04/2008,Male,849,57624 Myrtle Court,15792 Knutson Way,15600-000,03/03/2020
795,Yettie,Neale,10/10/1988,Female,6,9 Hayes Plaza,0 2nd Alley,,05/03/2020
796,Alexandro,Jahnig,23/02/1996,Male,7,3 Southridge Junction,22774 Steensland Place,,07/03/2020
797,Maddy,Veljes,01/01/2009,Male,41,4 Grover Drive,77233 Colorado Place,,03/03/2020
798,Inger,Thrift,03/03/1984,Female,48124,62581 Forest Avenue,538 Donald Drive,,06/03/2020
799,Johna,Firebrace,26/01/1994,Female,83014,40 Lakewood Street,96114 Meadow Valley Street,68795-000,05/03/2020
800,Cybil,Carberry,25/05/2018,Female,334,1 Armistice Court,041 Gulseth Plaza,,05/03/2020
801,Dona,Grancher,03/01/2004,Female,41,0 Alpine Road,0 Nova Terrace,,03/03/2020
802,Ilene,Briggs,25/06/2004,Female,311,65 Jay Circle,043 Toban Parkway,462800,03/03/2020
803,Valentina,Rive,22/10/2019,Female,7687,537 Riverside Lane,610 Commercial Street,,07/03/2020
804,Danita,Heskins,27/06/2004,Female,8951,9 Cambridge Crossing,7376 Bultman Parkway,,03/03/2020
805,Frankie,Reade,06/03/1984,Male,43773,7164 Lakewood Park,09379 John Wall Crossing,,08/03/2020
806,Ambrosi,Gimbart,28/08/1981,Male,23,6 School Place,0794 Crownhardt Lane,,07/03/2020
807,Jennie,Snowdon,11/05/2015,Female,18,57 Calypso Avenue,4 Comanche Drive,,05/03/2020
808,Deanne,Casaccia,07/06/2004,Female,14610,82 Crest Line Circle,3 Lindbergh Way,,05/03/2020
809,Adela,Newlan,03/01/1994,Female,8650,9 Fairfield Alley,496 Garrison Crossing,,05/03/2020
810,Cherianne,Laborde,01/04/2002,Female,4026,57 Knutson Trail,33360 Garrison Plaza,,08/03/2020
811,Lucilia,Gundry,28/04/1986,Female,7184,7181 Spaight Alley,6 Morrow Point,,06/03/2020
812,Farlee,Chaudhry,04/06/1988,Male,37,3036 Anniversary Hill,2 Elgar Drive,,07/03/2020
813,Robenia,Teek,11/11/2007,Female,2,42 Farwell Park,4 Maywood Parkway,,04/03/2020
814,Pietro,Alkins,17/02/2019,Male,14,3024 Kinsman Place,3 Westridge Lane,G6K,03/03/2020
815,Hal,Rundall,05/03/1985,Male,775,87 Johnson Hill,21330 Bayside Trail,3119,04/03/2020
816,Alexandre,Devon,11/04/1999,Male,2,0858 Valley Edge Center,49 Pearson Way,7213,04/03/2020
817,Nilson,Narey,21/08/1982,Male,50992,35000 Shelley Center,54204 Morrow Crossing,,06/03/2020
818,Steffane,Illidge,22/12/2006,Female,8,573 Memorial Parkway,37487 Valley Edge Parkway,859-0416,03/03/2020
819,Cymbre,Di Frisco,09/03/2008,Female,7,19822 Mcguire Circle,947 Lien Park,,04/03/2020
820,Udell,Heape,26/07/2014,Male,88910,654 Veith Park,42626 Fieldstone Lane,143026,07/03/2020
821,Montgomery,Fiennes,04/10/1991,Male,76,2594 Lindbergh Parkway,5856 Hudson Parkway,D11,08/03/2020
822,Amye,Matantsev,09/03/2013,Female,16,4 Leroy Center,7412 Nancy Point,456510,06/03/2020
823,Malvin,Noraway,14/12/2001,Male,95892,8 Caliangt Place,8261 Redwing Parkway,,07/03/2020
824,Der,Verdun,02/09/1983,Male,659,58578 Fremont Avenue,27812 Scoville Pass,5203,07/03/2020
825,Abbe,Keniwell,17/09/1991,Male,4,570 Norway Maple Avenue,064 Raven Place,771 50,08/03/2020
826,Gabrielle,Oddie,28/02/1988,Female,1,9340 Kensington Lane,07805 Hanson Point,,08/03/2020
827,Lilian,Beller,06/09/2017,Female,0,6 Northport Junction,2259 Corscot Terrace,116 23,06/03/2020
828,Symon,Spawton,08/05/1993,Male,3,3 Longview Hill,198 Lerdahl Junction,,06/03/2020
829,Ase,covino,07/09/1994,Male,25472,7555 Lunder Drive,25501 Schmedeman Lane,,04/03/2020
830,Anthea,Durrad,03/11/2002,Female,84427,422 Kinsman Lane,19289 Katie Pass,,03/03/2020
831,Karissa,Clutterham,31/08/1981,Female,83228,1083 Burning Wood Street,2890 Crowley Way,98405,04/03/2020
832,Eddy,Murcutt,29/05/1998,Female,5096,20 West Trail,49930 Atwood Pass,,03/03/2020
833,Amos,Tallow,29/03/1981,Male,81,2 Oriole Circle,1 Kipling Park,5613,04/03/2020
834,Conn,Ginsie,13/02/2004,Male,3922,44468 Dayton Center,28 Myrtle Terrace,,04/03/2020
835,Lelia,Dibling,20/03/2016,Female,954,4001 Moose Pass,600 Dryden Lane,68800-000,08/03/2020
836,Morna,Roon,17/09/2010,Female,831,9 Colorado Circle,65537 Messerschmidt Crossing,6711,07/03/2020
837,Clement,Folger,02/12/2014,Male,188,46228 Butternut Parkway,2 Fordem Hill,1333,05/03/2020
838,Foss,Quinlan,24/01/1984,Male,7,9 Packers Center,4391 Tennessee Park,26-422,03/03/2020
839,Stephi,Scannell,02/02/1986,Female,4,2 Namekagon Place,906 Warrior Place,,03/03/2020
840,Danya,Dunican,09/06/1988,Male,9,6557 Thackeray Hill,3 Mockingbird Trail,,03/03/2020
841,Bevon,Aynsley,16/02/2017,Male,193,862 Debra Hill,6608 Eagle Crest Crossing,250437,05/03/2020
842,Giuseppe,Skyram,01/10/1982,Male,153,27 Ilene Trail,432 Blaine Drive,3503,05/03/2020
843,Ellyn,Biddell,19/12/1982,Female,923,1 Main Drive,448 Iowa Drive,37-750,05/03/2020
844,Henderson,Goodread,04/09/1980,Male,49306,01 Daystar Center,03 Raven Terrace,434 38,06/03/2020
845,Fulton,Bagniuk,22/12/1980,Male,3,6366 Brickson Park Terrace,4 Meadow Ridge Circle,932 33,06/03/2020
846,Jodie,Ferrant,04/12/2018,Male,1,46 Fairfield Street,9123 Kropf Avenue,,08/03/2020
847,Hadlee,Sherewood,14/06/1998,Male,7301,34 Cambridge Circle,613 Havey Center,,03/03/2020
848,Granger,Hizir,23/08/1995,Male,8,74 Darwin Circle,60 Maywood Terrace,2350-089,08/03/2020
849,Carson,Handrik,08/05/2015,Male,950,12 Bonner Way,26 Fuller Street,,07/03/2020
850,Gallard,Bartolijn,08/09/2019,Male,18917,803 Sunfield Trail,47 Westend Hill,10150,03/03/2020
851,Maribeth,Clashe,10/03/2005,Female,9,2581 Blue Bill Park Court,52729 Di Loreto Way,2208,03/03/2020
852,Katherina,Kelway,06/07/2011,Female,0,83 Ohio Center,3100 Service Avenue,6150,06/03/2020
853,Evvy,Rickerby,01/04/2019,Female,36,667 Mariners Cove Point,571 Monterey Parkway,47-253,06/03/2020
854,Curcio,Rames,15/09/1994,Male,78,8 Loeprich Center,2009 5th Center,1695,04/03/2020
855,Roseann,Jezard,13/11/2005,Female,905,28472 Esker Parkway,61 Northfield Junction,7445,03/03/2020
856,Pooh,Mattiazzi,20/08/1996,Female,27,506 Carberry Pass,64093 Spaight Center,542 87,04/03/2020
857,Brannon,Halwood,18/05/1987,Male,1,4 Express Way,13326 Moose Trail,33100,03/03/2020
858,Marco,Cooke,17/04/1986,Male,57,7 Kenwood Junction,4233 Michigan Circle,,06/03/2020
859,Mohandis,Dalgarnocht,28/05/1985,Male,83184,362 Myrtle Junction,1 Valley Edge Lane,444008,04/03/2020
860,Kare,Draaisma,25/07/2017,Female,42294,6691 Merrick Circle,5147 Bartelt Parkway,59-305,05/03/2020
861,Shalne,Ygou,13/04/1982,Female,63078,14616 Butternut Circle,8957 Derek Plaza,,03/03/2020
862,Aura,Faunch,06/05/1993,Female,1,958 Miller Hill,119 Coleman Pass,79601,04/03/2020
863,Janetta,Boynes,17/03/1995,Female,44810,578 Ilene Junction,17 Carpenter Point,SN1,06/03/2020
864,Erinn,Tuckett,21/04/2001,Female,89,91777 Chinook Lane,7021 Melody Street,,05/03/2020
865,Eveleen,Andrelli,10/09/1988,Female,70,31 Utah Way,5 Debs Crossing,,04/03/2020
866,Estevan,Cuddihy,17/04/1997,Male,644,086 Dapin Crossing,3 Glacier Hill Street,,08/03/2020
867,Dari,Pepperill,25/10/2017,Female,69537,5029 Brentwood Hill,0 Monica Street,155101,05/03/2020
868,Tallou,Bane,09/08/1983,Female,99062,0455 Becker Circle,92 Monica Place,13315-000,05/03/2020
869,Halsey,Gres,24/06/2004,Male,8535,5418 Amoth Alley,109 Lotheville Lane,675 28,08/03/2020
870,Abigale,Puncher,27/11/2009,Female,37209,476 Macpherson Terrace,7 Ryan Park,37-224,08/03/2020
871,Moritz,Bigg,01/04/2001,Male,6834,01 Spohn Court,62143 Jana Street,,04/03/2020
872,Lowe,Shuker,06/06/2006,Male,57,95 Jana Street,15580 High Crossing Pass,47725,08/03/2020
873,Niles,Novik,26/06/1981,Male,2,5 Sachs Court,7379 Northland Hill,77794 CEDEX,04/03/2020
874,Ramsey,Bessey,26/04/2010,Male,1,532 3rd Junction,2494 Glendale Point,692974,07/03/2020
875,Zuzana,Djuricic,13/12/2008,Female,612,387 Fordem Circle,129 Weeping Birch Trail,5155-406,03/03/2020
876,Letty,Teck,24/09/2006,Female,82,151 Marquette Road,754 Crowley Point,112 83,07/03/2020
877,Dov,Addinall,29/09/1985,Male,966,4138 Dakota Center,1 Anzinger Plaza,3636,04/03/2020
878,Phillip,Sneezem,08/05/2005,Male,149,61529 Tennessee Plaza,79 Browning Hill,,08/03/2020
879,Findlay,Harcombe,20/07/2003,Male,98,1 Northland Point,537 Iowa Junction,,05/03/2020
880,Elvis,Leslie,25/07/1989,Male,48,529 Monterey Hill,3 Bluejay Road,,08/03/2020
881,Josee,Towers,19/04/2008,Female,21959,26 Algoma Drive,8449 Prairie Rose Court,,08/03/2020
882,Emogene,Martelet,03/06/2006,Female,64462,5 Express Plaza,0 Fulton Pass,18700-000,03/03/2020
883,Darlleen,Tiley,14/11/1995,Female,6360,73 Armistice Road,730 Upham Crossing,697-1201,08/03/2020
884,Heida,Eakly,14/10/2016,Female,57370,2372 Tomscot Alley,140 Pine View Plaza,,03/03/2020
885,Roi,Pattington,05/06/2002,Male,9004,646 Corben Court,04579 Cherokee Street,,07/03/2020
886,Glenna,Treker,03/01/1993,Female,9,50841 Schlimgen Hill,467 North Junction,,03/03/2020
887,Wynne,Life,04/06/1989,Female,23,71 Milwaukee Circle,5 Sycamore Hill,,07/03/2020
888,Rosanna,Shelf,30/05/2016,Female,0,2 Longview Pass,1128 Sugar Avenue,9951,03/03/2020
889,Fielding,Greenan,22/10/1986,Male,886,1968 Troy Way,9 Clove Alley,,06/03/2020
890,Alexandros,Jowitt,27/01/2014,Male,99878,609 Thierer Junction,7 Kingsford Park,2635-230,05/03/2020
891,Harmony,Brewitt,27/08/2019,Female,11,7306 Arapahoe Plaza,4 1st Park,632147,08/03/2020
892,Mandel,Scardifield,23/04/2018,Male,3234,11 Clemons Terrace,3 Gale Trail,,07/03/2020
893,Gerladina,Clare,06/05/1986,Female,51,2224 Stone Corner Drive,17 Northview Pass,,08/03/2020
894,Norrie,Pritchett,13/11/1998,Female,653,0 Vahlen Center,0230 Mandrake Street,,08/03/2020
895,Annabel,Kinnard,18/03/1991,Female,6905,862 Laurel Drive,954 Carpenter Drive,1606,08/03/2020
896,Giles,Crebo,24/01/1991,Male,70,400 Victoria Terrace,06 Shopko Plaza,,04/03/2020
897,Lorene,Beglin,02/02/2011,Female,8,5 Rieder Crossing,6659 Spohn Hill,,03/03/2020
898,Renault,Caze,01/07/1980,Male,95,4 Schiller Street,55349 Crownhardt Plaza,,04/03/2020
899,Alanson,Woodyeare,11/03/2008,Male,9813,09 Utah Avenue,907 Stone Corner Pass,,05/03/2020
900,Augustin,Scone,23/11/1999,Male,8564,99 Sherman Circle,051 Susan Avenue,,04/03/2020
901,Kristien,Tarry,26/01/1984,Female,211,1 Hooker Trail,32 Elmside Circle,4640-340,07/03/2020
902,Sandye,Wilfling,01/04/1985,Female,54844,751 Hollow Ridge Trail,272 Schiller Hill,,07/03/2020
903,Thibaud,Lace,28/01/1983,Male,0,27 Forster Junction,6198 Valley Edge Avenue,99-314,07/03/2020
904,Farrel,Walklate,22/01/1995,Male,97,9 Loomis Avenue,540 Heath Court,,03/03/2020
905,Willey,Gainsford,08/05/2000,Male,361,53903 Pine View Way,8237 Rusk Parkway,2460-402,08/03/2020
906,Giustino,Shee,29/05/2013,Male,909,1 1st Avenue,149 Jenifer Lane,,05/03/2020
907,Giffer,Scoles,19/03/2012,Male,9382,1 Ridgeview Plaza,37 Old Shore Trail,742 82,03/03/2020
908,Johnath,Gabbetis,20/10/2004,Female,70,53 Forest Run Trail,640 Butternut Terrace,,03/03/2020
909,Farlee,Timoney,11/10/1985,Male,5916,5 Forest Run Crossing,9 Loomis Center,1275,08/03/2020
910,Ethelred,Ryton,12/01/2014,Male,39,6 Tennyson Hill,99257 Algoma Circle,603 72,03/03/2020
911,Jim,Eberdt,23/08/2011,Male,1,697 Kennedy Drive,883 Mitchell Place,677-0043,06/03/2020
912,Ban,Curcher,06/11/2008,Male,68,639 Bellgrove Pass,8 Scott Street,,06/03/2020
913,Thedric,Viggars,27/09/1984,Male,14687,872 Randy Plaza,314 Vera Point,3109,04/03/2020
914,Kin,Ogley,14/05/2008,Male,6,574 Vernon Alley,885 Main Circle,756 06,07/03/2020
915,Eda,Van Hove,23/01/1990,Female,5,73 Bonner Street,9896 3rd Plaza,H3R,07/03/2020
916,Bron,Capener,15/10/1987,Male,7260,5 Oak Valley Lane,614 Sutherland Point,353664,06/03/2020
917,Lennard,Nucciotti,03/07/2019,Male,75169,9565 Golf View Terrace,7 Elmside Way,188674,08/03/2020
918,Hurleigh,Wooles,05/03/2008,Male,30416,48 Straubel Alley,2 Waxwing Parkway,,05/03/2020
919,Trey,Saltmarshe,22/10/2010,Male,426,23003 Manley Point,2 Marquette Center,,04/03/2020
920,Teena,Gigg,09/04/2017,Female,3,28 Morrow Drive,1813 Twin Pines Drive,,08/03/2020
921,Clive,Hardiker,08/04/2008,Male,37,713 Basil Road,7765 Granby Road,,06/03/2020
922,Linnell,Hould,08/04/1993,Female,8047,9431 Lunder Way,89638 Bluestem Trail,,04/03/2020
923,Wayne,Bour,14/04/2014,Male,59213,742 Dryden Street,2 Vernon Hill,2440-370,04/03/2020
924,Jacintha,Hampton,26/12/1981,Female,158,338 Bunting Lane,11 Mendota Trail,8193,04/03/2020
925,Alyse,Chung,09/05/1983,Female,4113,24 Farragut Road,40 Mayfield Alley,,03/03/2020
926,Sapphire,Knowling,29/08/2001,Female,8259,0 Tony Terrace,32 Drewry Plaza,,04/03/2020
927,Ethelyn,Mortel,29/09/1997,Female,49267,3379 Rieder Drive,326 Glendale Center,,03/03/2020
928,Romonda,Mitchenson,21/11/2006,Female,4,18358 Spohn Lane,37760 Mosinee Crossing,,07/03/2020
929,Thibaud,Adnett,26/11/1988,Male,9,77612 Forest Dale Place,33250 Rockefeller Circle,38-322,04/03/2020
930,Lotte,Measor,30/10/2008,Female,10,58 Elgar Pass,64 Carberry Street,357014,06/03/2020
931,Thomas,Iveson,16/06/2013,Male,1281,573 Ilene Street,9795 Schmedeman Circle,95109 CEDEX,04/03/2020
932,Berkley,Bendley,12/09/1995,Male,7,8893 Superior Terrace,991 Kensington Parkway,L9T,03/03/2020
933,Germaine,Milley,06/12/1993,Male,95140,24598 Moulton Terrace,04 Shopko Lane,3005,07/03/2020
934,Wilbert,Minerdo,01/01/1994,Male,5,678 Farmco Pass,39158 Randy Way,620920,07/03/2020
935,Lidia,Matzen,31/08/1997,Female,754,87 Stoughton Plaza,504 Grover Lane,,06/03/2020
936,Lyndsie,Gon,25/03/2001,Female,89351,9 Larry Alley,7 Almo Crossing,11503,08/03/2020
937,Jecho,Maden,28/08/2003,Male,32138,46 Oneill Way,2813 Pierstorff Trail,,06/03/2020
938,Antonius,McAlister,07/12/2010,Male,6026,57 Meadow Ridge Hill,568 Novick Street,,05/03/2020
939,Gregoor,Clarridge,04/05/2005,Male,20,9295 Forest Dale Avenue,2887 School Parkway,393 59,06/03/2020
940,Ginnie,Marklund,22/09/2009,Female,8,1 Gateway Street,818 Cherokee Junction,48919,08/03/2020
941,Kip,Bootland,15/08/2007,Male,85,1329 Buena Vista Center,7 Rieder Place,172318,07/03/2020
942,Diego,Spires,06/06/2001,Male,89,5080 Delaware Drive,9 Saint Paul Road,6607,05/03/2020
943,Jerrie,Juschke,16/03/2006,Female,38726,4346 Atwood Drive,3733 Beilfuss Street,613930,03/03/2020
944,Harold,Baildon,27/07/2000,Male,854,58874 Red Cloud Terrace,19 Dakota Drive,756 51,05/03/2020
945,Fulvia,Dibdall,11/06/1985,Female,221,64 Packers Park,0 Eggendart Trail,,08/03/2020
946,Winny,Kittley,24/02/2007,Female,14,6 Clove Court,043 Mallory Lane,88130-000,07/03/2020
947,Vic,Defau,29/05/1990,Male,3,522 Esch Road,6 Johnson Terrace,5180-344,08/03/2020
948,Jaimie,Edsell,26/08/1983,Female,52,4623 Delladonna Circle,3 Fisk Terrace,454092,08/03/2020
949,Trev,Moynham,19/07/1982,Male,17061,219 Hayes Park,70 Mcbride Junction,,08/03/2020
950,Ami,Troth,25/09/1990,Female,8864,1 Merchant Center,1 Vidon Parkway,,03/03/2020
951,Dorothee,Corley,04/05/2001,Female,31659,5 Thierer Crossing,329 Lighthouse Bay Circle,16200-000,05/03/2020
952,Helge,Floyde,23/05/2002,Female,8168,78 East Road,58 Tennessee Parkway,7461,03/03/2020
953,Gratiana,Devon,18/01/1982,Female,9016,3020 Merrick Drive,8616 Holmberg Park,,07/03/2020
954,Ettie,Boughey,21/02/2011,Female,76506,3232 Golf View Way,24 Knutson Circle,94542 CEDEX,05/03/2020
955,Kliment,Lahrs,09/08/2015,Male,69,09 Grim Pass,9511 Sherman Circle,,06/03/2020
956,Viki,Hazelden,25/01/2015,Female,987,42577 Arizona Place,44 Evergreen Way,,05/03/2020
957,Algernon,McIlenna,19/11/1991,Male,20,87971 Kim Terrace,9 Cordelia Avenue,366309,08/03/2020
958,Elihu,Crosgrove,30/03/2011,Male,43887,321 Canary Crossing,9817 Crescent Oaks Drive,H16,07/03/2020
959,Elroy,Wines,19/06/2007,Male,3967,41673 Anhalt Terrace,41486 Becker Pass,628189,06/03/2020
960,Frants,Maior,24/07/1980,Male,523,30 Randy Trail,14 Cody Hill,43120,06/03/2020
961,Giulio,Ballingal,05/02/1986,Male,26,250 Sunbrook Crossing,5 Norway Maple Junction,,03/03/2020
962,Mela,Conklin,12/08/2007,Female,929,484 Dwight Pass,98423 Hazelcrest Avenue,,07/03/2020
963,Porter,Korf,02/08/1999,Male,822,39 Montana Terrace,15616 Arkansas Drive,,07/03/2020
964,Marna,Sands-Allan,02/10/1991,Female,7402,72 Rieder Road,90 Tennyson Center,,03/03/2020
965,Cal,Hexter,11/02/2007,Male,137,9818 Raven Terrace,938 Tony Court,,04/03/2020
966,Camel,Collopy,09/07/1982,Female,291,269 Main Junction,402 Toban Crossing,,03/03/2020
967,Aimee,Iddons,20/11/2006,Female,1,26422 Bartillon Center,4 6th Court,,05/03/2020
968,Nettle,Lippett,22/03/2003,Female,1153,924 Gulseth Road,33518 Summerview Alley,,05/03/2020
969,Mufi,Reolfi,19/06/2016,Female,4,94427 Transport Circle,88396 Hooker Park,,03/03/2020
970,Bronson,Tureville,12/10/2011,Male,1550,9263 Cardinal Alley,678 Beilfuss Hill,13456 CEDEX 13,06/03/2020
971,Darlleen,Meads,01/02/1992,Female,3617,08947 Summerview Place,80006 Transport Road,,04/03/2020
972,Rikki,Goodhand,04/09/1993,Male,20025,64749 Mockingbird Pass,64 Marquette Pass,2453,08/03/2020
973,Reeva,Oldcroft,23/02/2018,Female,7,69712 3rd Center,6 Homewood Circle,,07/03/2020
974,Rosemarie,Foakes,01/05/1995,Female,621,82 Bluejay Way,2134 Rutledge Circle,,07/03/2020
975,Leilah,Howsin,20/09/1981,Female,606,605 Grover Trail,31383 Annamark Terrace,3330,04/03/2020
976,Fina,Godsil,25/12/1982,Female,8,223 Hoepker Pass,369 Del Sol Center,28355,07/03/2020
977,Norton,Trippick,05/01/1992,Male,62894,272 Tomscot Lane,361 Westridge Court,,03/03/2020
978,Dylan,Lardner,27/02/2004,Male,62373,76 Mesta Lane,9 Schmedeman Plaza,2516,06/03/2020
979,Chance,Clace,27/04/2011,Male,68,34508 Gerald Avenue,861 1st Circle,,04/03/2020
980,Tamas,Shale,12/05/1980,Male,6439,4 Raven Park,55641 Summit Center,,07/03/2020
981,Brandais,Duddy,05/12/2007,Female,107,65669 Bashford Alley,05984 High Crossing Circle,,06/03/2020
982,Sean,Paulsen,16/06/2011,Male,73,5 Walton Terrace,73378 Rieder Road,,05/03/2020
983,Mary,Stranahan,06/08/1991,Female,6,46460 Sugar Point,581 Luster Drive,512 43,07/03/2020
984,Kaleb,Bertomieu,28/07/2009,Male,88430,6393 Leroy Street,0 Arkansas Pass,,06/03/2020
985,Kennan,Flahy,15/10/2015,Male,3870,41044 Packers Alley,4 Green Ridge Hill,27250,05/03/2020
986,Chevy,Burston,21/05/1993,Male,2,68328 Burning Wood Crossing,201 Dwight Hill,,07/03/2020
987,Moria,Chesswas,02/03/1987,Female,27138,4 Continental Crossing,69614 Hauk Road,16-120,07/03/2020
988,Godfry,Livings,30/06/1997,Male,64,286 Banding Parkway,67 Bashford Court,,08/03/2020
989,Ian,Maass,12/09/2010,Male,4,39 Spohn Hill,332 Debra Trail,,07/03/2020
990,Roobbie,Clouter,30/10/2015,Female,4,73549 Maryland Drive,787 Rowland Trail,841 08,06/03/2020
991,Helaine,Harg,14/08/2002,Female,91,4124 Graedel Circle,887 Maryland Avenue,,06/03/2020
992,Cameron,Skudder,15/02/2000,Male,61305,9 Arizona Junction,0677 Jackson Terrace,79114,06/03/2020
993,Amandi,Stoeck,17/01/2001,Female,8916,110 Clarendon Hill,985 Jana Lane,,06/03/2020
994,Olimpia,Vallack,16/01/2019,Female,4,62 Graedel Lane,9508 Vahlen Point,3260-400,06/03/2020
995,Archibald,Steane,07/04/2009,Male,867,902 Mcguire Pass,203 Drewry Alley,,07/03/2020
996,Clyde,Meenehan,22/04/2002,Male,8955,31 Magdeline Place,849 Forster Trail,,08/03/2020
997,Wren,Karslake,20/03/2008,Female,7,8 Summer Ridge Pass,5 Pankratz Point,,07/03/2020
998,Audie,Dachey,13/02/1991,Female,39,1869 Shasta Alley,695 Victoria Pass,60000,07/03/2020
999,Martyn,Herrero,04/02/2002,Male,34,4 Pennsylvania Crossing,0 Monica Way,415 22,06/03/2020
1000,Jourdain,Lytlle,09/04/2007,Male,40071,1123 Warbler Trail,504 Myrtle Place,761517,05/03/2020
